Data;Zamkniecie
02.12.2004;7.9959
03.12.2004;7.8682
06.12.2004;7.7151
07.12.2004;7.5535
08.12.2004;7.5111
09.12.2004;7.5535
10.12.2004;7.5111
13.12.2004;7.3068
14.12.2004;7.4686
15.12.2004;7.3918
16.12.2004;7.6302
17.12.2004;7.6302
20.12.2004;7.5111
21.12.2004;7.5111
22.12.2004;7.4686
23.12.2004;7.5111
24.12.2004;7.5876
27.12.2004;7.6725
28.12.2004;7.6302
29.12.2004;7.6302
30.12.2004;7.6725
31.12.2004;7.6725
03.01.2005;7.6725
04.01.2005;7.6302
05.01.2005;7.3918
06.01.2005;7.3918
07.01.2005;7.3918
10.01.2005;7.3493
11.01.2005;7.2303
12.01.2005;7.2728
13.01.2005;7.3493
14.01.2005;7.3918
17.01.2005;7.3918
18.01.2005;7.4346
19.01.2005;7.4346
20.01.2005;7.4686
21.01.2005;7.1452
24.01.2005;7.2303
25.01.2005;7.1878
26.01.2005;7.3068
27.01.2005;7.3068
28.01.2005;7.3918
31.01.2005;7.3918
01.02.2005;7.5535
02.02.2005;7.5535
03.02.2005;7.5535
04.02.2005;7.5535
07.02.2005;7.6302
08.02.2005;7.6302
09.02.2005;7.6302
10.02.2005;7.6302
11.02.2005;7.7151
14.02.2005;7.6302
15.02.2005;7.5876
16.02.2005;7.6725
17.02.2005;7.7491
18.02.2005;7.7491
21.02.2005;7.6302
22.02.2005;7.8682
23.02.2005;8.3532
24.02.2005;8.3532
25.02.2005;8.8379
28.02.2005;8.6763
01.03.2005;8.8379
02.03.2005;8.6763
03.03.2005;8.7954
04.03.2005;8.5912
07.03.2005;8.8379
08.03.2005;8.7954
09.03.2005;8.753
10.03.2005;8.753
11.03.2005;8.6763
14.03.2005;8.5571
15.03.2005;8.5912
16.03.2005;8.5912
17.03.2005;8.4383
18.03.2005;8.7954
21.03.2005;9.119
22.03.2005;9.4422
23.03.2005;10.082
24.03.2005;9.883
29.03.2005;9.961
30.03.2005;9.842
31.03.2005;10.121
01.04.2005;10.445
04.04.2005;10.846
05.04.2005;10.802
06.04.2005;10.565
07.04.2005;11.245
11.04.2005;11.484
12.04.2005;11.245
13.04.2005;11.406
14.04.2005;11.041
15.04.2005;11.083
18.04.2005;11.484
19.04.2005;11.645
20.04.2005;11.484
21.04.2005;11.245
22.04.2005;11.203
25.04.2005;11.203
26.04.2005;11.006
27.04.2005;10.964
28.04.2005;11.006
29.04.2005;11.126
02.05.2005;11.484
04.05.2005;11.61
05.05.2005;11.61
06.05.2005;11.645
09.05.2005;11.807
10.05.2005;11.731
11.05.2005;11.569
12.05.2005;11.484
13.05.2005;11.365
16.05.2005;11.61
17.05.2005;11.245
18.05.2005;11.245
19.05.2005;11.33
20.05.2005;11.525
23.05.2005;11.33
24.05.2005;11.45
25.05.2005;11.45
27.05.2005;11.45
30.05.2005;11.569
31.05.2005;11.525
01.06.2005;11.484
02.06.2005;11.245
03.06.2005;11.286
06.06.2005;11.33
07.06.2005;11.286
08.06.2005;11.286
09.06.2005;11.33
10.06.2005;11.33
13.06.2005;11.406
14.06.2005;11.245
15.06.2005;11.245
16.06.2005;10.922
17.06.2005;11.169
20.06.2005;11.126
21.06.2005;11.126
22.06.2005;11.126
23.06.2005;11.45
24.06.2005;11.365
27.06.2005;11.286
28.06.2005;11.286
29.06.2005;11.33
30.06.2005;11.286
01.07.2005;11.33
04.07.2005;11.33
05.07.2005;11.33
06.07.2005;11.45
07.07.2005;11.365
08.07.2005;11.525
11.07.2005;11.33
12.07.2005;11.484
13.07.2005;12.011
14.07.2005;12.172
15.07.2005;12.207
18.07.2005;12.615
19.07.2005;12.615
20.07.2005;12.93
21.07.2005;12.93
22.07.2005;12.734
25.07.2005;12.972
26.07.2005;13.49
27.07.2005;14.213
28.07.2005;14.213
29.07.2005;14.095
01.08.2005;14.06
02.08.2005;14.095
03.08.2005;14.137
04.08.2005;15.26
05.08.2005;15.184
08.08.2005;15.184
09.08.2005;15.227
10.08.2005;15.066
11.08.2005;15.787
12.08.2005;15.948
16.08.2005;16.954
17.08.2005;17.754
18.08.2005;17.515
19.08.2005;18.237
22.08.2005;18.077
23.08.2005;17.592
24.08.2005;16.791
25.08.2005;16.23
26.08.2005;16.23
29.08.2005;16.383
30.08.2005;17.515
31.08.2005;17.43
01.09.2005;17.352
02.09.2005;17.107
05.09.2005;17.352
06.09.2005;17.43
07.09.2005;18.475
08.09.2005;18.551
09.09.2005;18.475
12.09.2005;19.037
13.09.2005;19.436
14.09.2005;20.405
15.09.2005;20.082
16.09.2005;20.082
19.09.2005;20.159
20.09.2005;19.683
21.09.2005;19.037
22.09.2005;19.36
23.09.2005;18.713
26.09.2005;19.274
27.09.2005;19.121
28.09.2005;19.037
29.09.2005;18.96
30.09.2005;19.121
03.10.2005;18.551
04.10.2005;18.713
05.10.2005;18.551
06.10.2005;18.153
07.10.2005;17.676
10.10.2005;18.077
11.10.2005;18.636
12.10.2005;18.875
13.10.2005;18.312
14.10.2005;18.312
17.10.2005;17.991
18.10.2005;18.153
19.10.2005;17.991
20.10.2005;17.991
21.10.2005;17.991
24.10.2005;17.592
25.10.2005;17.991
26.10.2005;17.515
27.10.2005;17.829
28.10.2005;17.991
31.10.2005;18.798
02.11.2005;19.274
03.11.2005;19.121
04.11.2005;19.121
07.11.2005;18.875
08.11.2005;18.713
09.11.2005;19.274
10.11.2005;19.596
14.11.2005;21.045
15.11.2005;21.854
16.11.2005;21.444
17.11.2005;21.13
18.11.2005;20.968
21.11.2005;21.692
22.11.2005;21.531
23.11.2005;21.531
24.11.2005;21.444
25.11.2005;22.007
28.11.2005;22.577
29.11.2005;23.775
30.11.2005;24.336
01.12.2005;24.897
02.12.2005;25.706
05.12.2005;24.897
06.12.2005;24.098
07.12.2005;24.098
08.12.2005;24.497
09.12.2005;24.582
12.12.2005;25.144
13.12.2005;24.659
14.12.2005;24.659
15.12.2005;24.259
16.12.2005;24.02
19.12.2005;24.173
20.12.2005;24.497
21.12.2005;25.382
22.12.2005;25.544
23.12.2005;25.544
27.12.2005;25.466
28.12.2005;25.382
29.12.2005;25.306
30.12.2005;25.059
02.01.2006;25.22
03.01.2006;26.828
04.01.2006;26.828
05.01.2006;26.505
06.01.2006;26.991
09.01.2006;28.114
10.01.2006;29.721
11.01.2006;29.557
12.01.2006;29.073
13.01.2006;28.513
16.01.2006;29.643
17.01.2006;29.721
18.01.2006;29.32
19.01.2006;30.768
20.01.2006;30.206
23.01.2006;29.959
24.01.2006;31.244
25.01.2006;32.214
26.01.2006;31.567
27.01.2006;31.652
30.01.2006;31.405
31.01.2006;30.52
01.02.2006;31.329
02.02.2006;31.167
03.02.2006;29.797
06.02.2006;30.206
07.02.2006;30.444
08.02.2006;30.52
09.02.2006;31.167
10.02.2006;31.167
13.02.2006;30.843
14.02.2006;30.843
15.02.2006;30.206
16.02.2006;30.121
17.02.2006;30.52
20.02.2006;30.843
21.02.2006;30.52
22.02.2006;30.843
23.02.2006;30.367
24.02.2006;30.682
27.02.2006;30.444
28.02.2006;30.52
01.03.2006;30.367
02.03.2006;30.367
03.03.2006;30.283
06.03.2006;29.557
07.03.2006;28.114
08.03.2006;30.121
09.03.2006;29.881
10.03.2006;29.959
13.03.2006;32.052
14.03.2006;32.214
15.03.2006;31.967
16.03.2006;31.967
17.03.2006;31.89
20.03.2006;31.167
21.03.2006;30.606
22.03.2006;31.167
23.03.2006;30.768
24.03.2006;30.768
27.03.2006;30.768
28.03.2006;30.367
29.03.2006;30.52
30.03.2006;30.606
31.03.2006;30.444
03.04.2006;30.283
04.04.2006;29.881
05.04.2006;30.283
06.04.2006;30.283
07.04.2006;30.121
10.04.2006;29.236
11.04.2006;29.159
12.04.2006;29.397
13.04.2006;29.721
18.04.2006;30.043
19.04.2006;30.121
20.04.2006;30.606
21.04.2006;33.098
24.04.2006;34.859
25.04.2006;34.221
26.04.2006;35.182
27.04.2006;35.344
28.04.2006;35.505
02.05.2006;35.743
04.05.2006;35.505
05.05.2006;36.789
08.05.2006;37.589
09.05.2006;37.589
10.05.2006;37.75
11.05.2006;37.674
12.05.2006;36.39
15.05.2006;34.943
16.05.2006;35.667
17.05.2006;35.182
18.05.2006;35.429
19.05.2006;35.105
22.05.2006;34.543
23.05.2006;32.936
24.05.2006;33.337
25.05.2006;33.259
26.05.2006;33.736
29.05.2006;33.575
30.05.2006;32.538
31.05.2006;32.774
01.06.2006;33.337
02.06.2006;34.543
05.06.2006;35.021
06.06.2006;34.943
07.06.2006;35.105
08.06.2006;35.351
09.06.2006;34.69
12.06.2006;33.702
13.06.2006;32.884
14.06.2006;32.884
16.06.2006;33.702
19.06.2006;33.702
20.06.2006;33.294
21.06.2006;33.047
22.06.2006;32.961
23.06.2006;33.626
26.06.2006;33.455
27.06.2006;33.872
28.06.2006;34.196
29.06.2006;34.196
30.06.2006;34.442
03.07.2006;34.442
04.07.2006;34.442
05.07.2006;34.611
06.07.2006;35.105
07.07.2006;36.255
10.07.2006;36.909
11.07.2006;36.338
12.07.2006;36.585
13.07.2006;36.338
14.07.2006;36.17
17.07.2006;36.5
18.07.2006;36.17
19.07.2006;36.417
20.07.2006;36.909
21.07.2006;36.255
24.07.2006;36.17
25.07.2006;36.417
26.07.2006;36.5
27.07.2006;37.325
28.07.2006;37.24
31.07.2006;37.733
01.08.2006;36.993
02.08.2006;36.5
03.08.2006;36.092
04.08.2006;36.585
07.08.2006;36.909
08.08.2006;37.077
09.08.2006;37.571
10.08.2006;37.325
11.08.2006;36.909
14.08.2006;36.909
16.08.2006;36.909
17.08.2006;36.831
18.08.2006;37.155
21.08.2006;36.993
22.08.2006;37.155
23.08.2006;37.077
24.08.2006;36.747
25.08.2006;36.993
28.08.2006;36.993
29.08.2006;37.24
30.08.2006;36.993
31.08.2006;36.993
01.09.2006;37.4
04.09.2006;37.216
05.09.2006;37.647
06.09.2006;37.325
07.09.2006;37.828
08.09.2006;38.227
11.09.2006;38.627
12.09.2006;38.635
13.09.2006;41.102
14.09.2006;41.928
15.09.2006;42.088
18.09.2006;41.102
19.09.2006;40.286
20.09.2006;40.073
21.09.2006;39.868
22.09.2006;39.621
25.09.2006;39.868
26.09.2006;40.114
27.09.2006;39.621
28.09.2006;39.545
29.09.2006;37.82
02.10.2006;36.993
03.10.2006;37.077
04.10.2006;38.227
05.10.2006;37.325
06.10.2006;38.26
09.10.2006;38.804
10.10.2006;39.46
11.10.2006;40.114
12.10.2006;39.791
13.10.2006;39.051
16.10.2006;38.635
17.10.2006;38.083
18.10.2006;37.82
19.10.2006;38.966
20.10.2006;38.559
23.10.2006;37.647
24.10.2006;36.993
25.10.2006;36.747
26.10.2006;36.663
27.10.2006;36.585
30.10.2006;36.993
31.10.2006;36.747
02.11.2006;36.585
03.11.2006;36.161
06.11.2006;37.045
07.11.2006;37.82
08.11.2006;37.647
09.11.2006;37.647
10.11.2006;37.113
13.11.2006;36.33
14.11.2006;36.245
15.11.2006;36.17
16.11.2006;37.036
17.11.2006;36.831
20.11.2006;37.418
21.11.2006;37.98
22.11.2006;37.53
23.11.2006;37.733
24.11.2006;37.571
27.11.2006;37.82
28.11.2006;38.635
29.11.2006;40.651
30.11.2006;40.941
01.12.2006;41.186
04.12.2006;41.271
05.12.2006;41.928
06.12.2006;41.928
07.12.2006;41.928
08.12.2006;41.928
11.12.2006;41.102
12.12.2006;41.146
13.12.2006;39.868
14.12.2006;40.286
15.12.2006;39.46
18.12.2006;39.954
19.12.2006;39.46
20.12.2006;39.46
21.12.2006;40.286
22.12.2006;40.286
27.12.2006;39.868
28.12.2006;41.061
29.12.2006;41.102
02.01.2007;40.141
03.01.2007;39.46
04.01.2007;38.473
05.01.2007;38.108
08.01.2007;37.077
09.01.2007;37.895
10.01.2007;38.227
11.01.2007;38.269
12.01.2007;38.635
15.01.2007;38.559
16.01.2007;38.804
17.01.2007;38.804
18.01.2007;38.966
19.01.2007;39.665
22.01.2007;40.779
23.01.2007;40.897
24.01.2007;40.693
25.01.2007;40.779
26.01.2007;40.779
29.01.2007;40.77
30.01.2007;40.286
31.01.2007;40.286
01.02.2007;39.954
02.02.2007;39.46
05.02.2007;40.693
06.02.2007;39.621
07.02.2007;40.558
08.02.2007;39.621
09.02.2007;39.868
12.02.2007;39.791
13.02.2007;40.286
14.02.2007;39.46
15.02.2007;40.114
16.02.2007;40.549
19.02.2007;40.601
20.02.2007;39.868
21.02.2007;40.261
22.02.2007;39.621
23.02.2007;40.039
26.02.2007;39.333
27.02.2007;38.142
28.02.2007;38.065
01.03.2007;37.53
02.03.2007;35.922
05.03.2007;34.527
06.03.2007;35.513
07.03.2007;37.155
08.03.2007;38.882
09.03.2007;38.924
12.03.2007;39.826
13.03.2007;40.693
14.03.2007;40.779
15.03.2007;42.045
16.03.2007;43.655
19.03.2007;46.036
20.03.2007;47.226
21.03.2007;48.094
22.03.2007;49.328
23.03.2007;49.532
26.03.2007;48.009
27.03.2007;46.861
28.03.2007;46.529
29.03.2007;47.805
30.03.2007;47.109
02.04.2007;46.656
03.04.2007;50.111
04.04.2007;53.436
05.04.2007;56.065
10.04.2007;57.953
11.04.2007;57.953
12.04.2007;57.953
13.04.2007;60.419
16.04.2007;57.996
17.04.2007;59.186
18.04.2007;59.604
19.04.2007;60.837
20.04.2007;60.837
23.04.2007;59.645
24.04.2007;59.186
25.04.2007;59.186
26.04.2007;59.849
27.04.2007;60.011
30.04.2007;59.186
02.05.2007;60.505
04.05.2007;60.386
07.05.2007;60.011
08.05.2007;60.419
09.05.2007;61.577
10.05.2007;59.604
11.05.2007;59.186
14.05.2007;59.152
15.05.2007;57.953
16.05.2007;57.545
17.05.2007;57.545
18.05.2007;57.953
21.05.2007;59.152
22.05.2007;59.926
23.05.2007;64.451
24.05.2007;63.304
25.05.2007;63.133
28.05.2007;63.713
29.05.2007;65.107
30.05.2007;63.713
31.05.2007;67.249
01.06.2007;66.586
04.06.2007;64.741
05.06.2007;64.044
06.06.2007;64.044
08.06.2007;62.478
11.06.2007;64.903
12.06.2007;64.903
13.06.2007;64.001
14.06.2007;63.958
15.06.2007;64.119
18.06.2007;64.204
19.06.2007;65.77
20.06.2007;66.586
21.06.2007;66.586
22.06.2007;67.249
25.06.2007;68.151
26.06.2007;67.411
27.06.2007;64.119
28.06.2007;64.119
29.06.2007;64.077
02.07.2007;63.304
03.07.2007;65.795
04.07.2007;67.463
05.07.2007;68.136
06.07.2007;67.378
09.07.2007;65.633
10.07.2007;65.88
11.07.2007;64.136
12.07.2007;64.136
13.07.2007;63.721
16.07.2007;62.341
17.07.2007;64.136
18.07.2007;62.009
19.07.2007;63.304
20.07.2007;64.052
23.07.2007;62.054
24.07.2007;59.969
25.07.2007;59.969
26.07.2007;59.135
27.07.2007;56.634
30.07.2007;54.968
31.07.2007;54.143
01.08.2007;51.642
02.08.2007;52.891
03.08.2007;53.802
06.08.2007;54.014
07.08.2007;56.14
08.08.2007;56.216
09.08.2007;54.968
10.08.2007;50.263
13.08.2007;52.476
14.08.2007;51.642
16.08.2007;47.056
17.08.2007;49.473
20.08.2007;49.557
21.08.2007;49.141
22.08.2007;50.808
23.08.2007;50.808
24.08.2007;50.348
27.08.2007;52.476
28.08.2007;53.309
29.08.2007;53.309
30.08.2007;54.968
31.08.2007;57.469
03.09.2007;58.303
04.09.2007;57.469
05.09.2007;57.306
06.09.2007;54.635
07.09.2007;54.057
10.09.2007;52.476
11.09.2007;52.476
12.09.2007;52.476
13.09.2007;53.309
14.09.2007;54.057
17.09.2007;54.1
18.09.2007;52.058
19.09.2007;52.56
20.09.2007;52.968
21.09.2007;53.309
24.09.2007;53.726
25.09.2007;53.18
26.09.2007;54.143
27.09.2007;54.473
28.09.2007;54.473
01.10.2007;52.476
02.10.2007;50.892
03.10.2007;49.975
04.10.2007;50.391
05.10.2007;51.642
08.10.2007;51.642
09.10.2007;52.476
10.10.2007;54.143
11.10.2007;56.634
12.10.2007;56.515
15.10.2007;58.055
16.10.2007;56.634
17.10.2007;56.634
18.10.2007;56.89
19.10.2007;57.51
22.10.2007;56.388
23.10.2007;56.634
24.10.2007;56.515
25.10.2007;55.801
26.10.2007;54.891
29.10.2007;54.891
30.10.2007;54.891
31.10.2007;53.972
02.11.2007;52.476
05.11.2007;51.386
06.11.2007;50.391
07.11.2007;48.306
08.11.2007;49.975
09.11.2007;50.434
12.11.2007;48.306
13.11.2007;49.975
14.11.2007;48.391
15.11.2007;46.639
16.11.2007;43.313
19.11.2007;44.148
20.11.2007;42.268
21.11.2007;40.974
22.11.2007;43.313
23.11.2007;44.148
26.11.2007;46.393
27.11.2007;46.224
28.11.2007;46.061
29.11.2007;45.977
30.11.2007;46.639
03.12.2007;44.98
04.12.2007;44.98
05.12.2007;45.807
06.12.2007;46.639
07.12.2007;43.313
10.12.2007;42.062
11.12.2007;41.23
12.12.2007;40.813
13.12.2007;40.813
14.12.2007;41.23
17.12.2007;39.98
18.12.2007;39.562
19.12.2007;38.321
20.12.2007;39.145
21.12.2007;39.145
27.12.2007;39.145
28.12.2007;37.479
02.01.2008;37.904
03.01.2008;38.312
04.01.2008;38.482
07.01.2008;37.479
08.01.2008;36.645
09.01.2008;34.978
10.01.2008;34.807
11.01.2008;34.153
14.01.2008;33.736
15.01.2008;33.318
16.01.2008;34.153
17.01.2008;36.227
18.01.2008;37.461
21.01.2008;36.399
22.01.2008;34.902
23.01.2008;35.811
24.01.2008;37.562
25.01.2008;38.312
28.01.2008;37.054
29.01.2008;39.145
30.01.2008;39.562
31.01.2008;39.562
01.02.2008;39.113
04.02.2008;38.728
05.02.2008;36.645
06.02.2008;37.479
07.02.2008;35.607
08.02.2008;35.811
11.02.2008;37.479
12.02.2008;38.312
13.02.2008;39.436
14.02.2008;38.227
15.02.2008;38.184
18.02.2008;38.567
19.02.2008;37.479
20.02.2008;36.901
21.02.2008;36.901
22.02.2008;38.312
25.02.2008;39.23
26.02.2008;39.23
27.02.2008;35.811
28.02.2008;35.811
29.02.2008;34.169
03.03.2008;32.485
04.03.2008;30.402
05.03.2008;31.064
06.03.2008;32.231
07.03.2008;31.652
10.03.2008;32.485
11.03.2008;33.318
12.03.2008;34.399
13.03.2008;34.569
14.03.2008;34.978
17.03.2008;34.153
18.03.2008;34.569
19.03.2008;35.063
25.03.2008;35.811
26.03.2008;36.569
27.03.2008;37.811
28.03.2008;37.64
31.03.2008;37.64
01.04.2008;38.227
02.04.2008;38.269
03.04.2008;36.815
04.04.2008;35.607
07.04.2008;36.731
08.04.2008;36.227
09.04.2008;36.227
10.04.2008;36.314
11.04.2008;37.054
14.04.2008;35.811
15.04.2008;35.811
16.04.2008;35.395
17.04.2008;36.645
18.04.2008;36.227
21.04.2008;36.314
22.04.2008;36.024
23.04.2008;34.978
24.04.2008;34.978
25.04.2008;36.815
28.04.2008;36.815
29.04.2008;35.811
30.04.2008;36.798
05.05.2008;35.811
06.05.2008;36.977
07.05.2008;36.96
08.05.2008;37.437
13.05.2008;37.437
14.05.2008;38.065
15.05.2008;37.479
16.05.2008;37.479
19.05.2008;38.227
20.05.2008;37.647
21.05.2008;38.269
26.05.2008;38.49
27.05.2008;38.49
28.05.2008;38.728
29.05.2008;38.728
30.05.2008;38.728
02.06.2008;38.304
03.06.2008;38.235
04.06.2008;38.719
05.06.2008;38.728
06.06.2008;38.312
09.06.2008;37.189
10.06.2008;37.189
11.06.2008;37.189
12.06.2008;37.189
13.06.2008;37.189
16.06.2008;36.645
17.06.2008;35.811
18.06.2008;35.811
19.06.2008;36.645
20.06.2008;36.645
23.06.2008;34.978
24.06.2008;33.736
25.06.2008;33.813
26.06.2008;33.813
27.06.2008;33.318
30.06.2008;32.902
01.07.2008;32.902
02.07.2008;32.57
03.07.2008;33.318
04.07.2008;32.902
08.07.2008;32.783
09.07.2008;32.902
10.07.2008;32.902
11.07.2008;32.809
14.07.2008;32.154
15.07.2008;31.738
16.07.2008;29.194
17.07.2008;29.329
18.07.2008;28.318
21.07.2008;27.824
22.07.2008;27.739
23.07.2008;30.606
24.07.2008;32.577
25.07.2008;32.529
28.07.2008;32.648
29.07.2008;33.318
30.07.2008;33.318
31.07.2008;33.318
01.08.2008;33.362
04.08.2008;33.736
05.08.2008;34.484
06.08.2008;35.778
07.08.2008;37.027
08.08.2008;34.814
11.08.2008;37.036
12.08.2008;36.645
14.08.2008;36.645
18.08.2008;37.062
19.08.2008;37.98
20.08.2008;37.062
21.08.2008;37.317
22.08.2008;34.978
25.08.2008;35.607
26.08.2008;35.191
27.08.2008;35.785
28.08.2008;34.569
29.08.2008;34.569
01.09.2008;34.153
02.09.2008;34.978
03.09.2008;34.978
04.09.2008;34.774
09.09.2008;34.569
12.09.2008;34.646
17.09.2008;33.318
18.09.2008;33.318
19.09.2008;33.276
22.09.2008;32.07
23.09.2008;32.07
24.09.2008;32.07
25.09.2008;32.07
26.09.2008;34.978
29.09.2008;32.902
30.09.2008;33.318
01.10.2008;35.709
02.10.2008;34.814
03.10.2008;34.978
06.10.2008;32.818
07.10.2008;33.981
08.10.2008;32.348
09.10.2008;32.07
10.10.2008;31.652
13.10.2008;30.817
14.10.2008;33.318
15.10.2008;33.318
16.10.2008;32.648
17.10.2008;32.75
20.10.2008;33.337
21.10.2008;34.296
22.10.2008;33.318
23.10.2008;31.652
24.10.2008;32.485
27.10.2008;31.652
28.10.2008;30.724
29.10.2008;32.732
30.10.2008;33.234
31.10.2008;33.318
03.11.2008;33.318
04.11.2008;32.979
05.11.2008;33.318
06.11.2008;34.153
07.11.2008;34.153
10.11.2008;34.153
12.11.2008;33.318
13.11.2008;33.294
14.11.2008;34.814
17.11.2008;34.646
18.11.2008;34.713
19.11.2008;34.783
20.11.2008;33.566
21.11.2008;32.986
24.11.2008;33.318
25.11.2008;34.134
26.11.2008;33.736
27.11.2008;34.066
28.11.2008;34.153
01.12.2008;33.48
02.12.2008;33.736
03.12.2008;33.736
04.12.2008;33.318
05.12.2008;33.318
08.12.2008;33.65
09.12.2008;33.318
10.12.2008;33.318
11.12.2008;33.318
12.12.2008;33.318
15.12.2008;32.443
16.12.2008;33.19
17.12.2008;32.485
18.12.2008;32.485
19.12.2008;32.154
22.12.2008;31.652
23.12.2008;31.652
29.12.2008;31.235
31.12.2008;30.402
05.01.2009;30.732
06.01.2009;32.316
07.01.2009;32.366
08.01.2009;31.652
09.01.2009;32.893
12.01.2009;33.318
13.01.2009;32.818
14.01.2009;33.318
15.01.2009;31.235
16.01.2009;32.001
19.01.2009;31.03
20.01.2009;30.817
21.01.2009;30.979
22.01.2009;30.189
23.01.2009;30.086
26.01.2009;30.086
27.01.2009;30.402
28.01.2009;31.235
29.01.2009;32.485
30.01.2009;31.652
02.02.2009;31.652
03.02.2009;30.691
04.02.2009;31.456
05.02.2009;30.817
06.02.2009;31.652
09.02.2009;31.652
10.02.2009;31.235
11.02.2009;31.235
12.02.2009;30.358
13.02.2009;30.86
17.02.2009;29.737
18.02.2009;30.317
19.02.2009;31.15
20.02.2009;30.817
23.02.2009;30.784
24.02.2009;30.231
25.02.2009;30.732
26.02.2009;30.732
27.02.2009;29.151
02.03.2009;29.926
03.03.2009;26.649
04.03.2009;27.73
05.03.2009;27.891
06.03.2009;27.485
09.03.2009;27.485
10.03.2009;27.485
11.03.2009;24.99
12.03.2009;25.027
13.03.2009;25.485
16.03.2009;25.74
17.03.2009;25.196
18.03.2009;25.485
19.03.2009;24.736
20.03.2009;23.425
23.03.2009;24.275
24.03.2009;24.532
25.03.2009;24.99
26.03.2009;24.573
27.03.2009;24.864
30.03.2009;24.736
31.03.2009;24.115
01.04.2009;24.573
02.04.2009;26.071
03.04.2009;26.53
06.04.2009;26.735
07.04.2009;27.458
08.04.2009;26.82
09.04.2009;26.82
14.04.2009;25.817
15.04.2009;26.029
16.04.2009;26.488
17.04.2009;26.777
20.04.2009;26.947
21.04.2009;27.067
22.04.2009;27.322
23.04.2009;27.485
24.04.2009;27.739
27.04.2009;27.485
28.04.2009;26.649
29.04.2009;28.318
30.04.2009;29.566
04.05.2009;31.608
05.05.2009;31.652
06.05.2009;32.485
07.05.2009;31.738
08.05.2009;32.485
11.05.2009;31.652
12.05.2009;32.4
13.05.2009;31.396
14.05.2009;29.22
15.05.2009;31.235
18.05.2009;31.235
19.05.2009;31.03
20.05.2009;30.979
21.05.2009;30.732
22.05.2009;30.128
25.05.2009;29.899
26.05.2009;29.984
27.05.2009;30.817
28.05.2009;30.189
29.05.2009;30.231
01.06.2009;31.898
02.06.2009;31.498
03.06.2009;31.498
04.06.2009;31.652
05.06.2009;31.898
08.06.2009;31.439
09.06.2009;31.064
10.06.2009;32.07
12.06.2009;32.409
15.06.2009;32.91
16.06.2009;33.267
17.06.2009;32.57
18.06.2009;32.485
19.06.2009;32.001
22.06.2009;31.286
23.06.2009;31.235
24.06.2009;31.216
25.06.2009;31.941
26.06.2009;32.07
29.06.2009;32.07
30.06.2009;32.485
01.07.2009;32.902
02.07.2009;33.65
03.07.2009;34.025
06.07.2009;33.318
07.07.2009;33.31
08.07.2009;32.979
09.07.2009;32.612
10.07.2009;32.902
13.07.2009;32.689
14.07.2009;33.736
15.07.2009;34.978
16.07.2009;34.978
17.07.2009;34.814
20.07.2009;35.395
21.07.2009;34.902
22.07.2009;35.395
23.07.2009;35.734
24.07.2009;36.645
27.07.2009;37.895
28.07.2009;37.47
29.07.2009;37.446
30.07.2009;37.647
31.07.2009;37.479
03.08.2009;36.985
04.08.2009;36.27
05.08.2009;37.394
06.08.2009;36.985
07.08.2009;37.479
10.08.2009;37.479
11.08.2009;37.811
12.08.2009;37.895
13.08.2009;38.312
14.08.2009;37.479
17.08.2009;36.645
18.08.2009;36.024
19.08.2009;35.811
20.08.2009;35.734
21.08.2009;35.811
24.08.2009;36.227
25.08.2009;36.227
26.08.2009;37.045
27.08.2009;37.479
28.08.2009;37.895
31.08.2009;38.312
01.09.2009;37.394
02.09.2009;36.592
03.09.2009;36.569
04.09.2009;37.257
07.09.2009;39.665
08.09.2009;39.145
09.09.2009;39.061
10.09.2009;38.312
11.09.2009;37.479
14.09.2009;37.233
15.09.2009;37.718
16.09.2009;39.061
17.09.2009;39.061
18.09.2009;39.145
21.09.2009;38.312
22.09.2009;39.562
23.09.2009;39.98
24.09.2009;40.832
25.09.2009;39.98
28.09.2009;40.149
29.09.2009;39.972
30.09.2009;39.98
01.10.2009;39.98
02.10.2009;39.972
05.10.2009;39.972
06.10.2009;39.98
07.10.2009;39.428
08.10.2009;39.113
09.10.2009;38.745
12.10.2009;38.678
13.10.2009;38.091
14.10.2009;38.158
15.10.2009;37.172
16.10.2009;35.386
19.10.2009;34.875
20.10.2009;35.717
21.10.2009;35.726
22.10.2009;36.101
23.10.2009;36.153
26.10.2009;35.293
27.10.2009;35.173
28.10.2009;34.628
29.10.2009;34.366
30.10.2009;34.484
02.11.2009;33.933
03.11.2009;35.005
04.11.2009;35.147
05.11.2009;35.249
06.11.2009;35.13
09.11.2009;34.875
10.11.2009;34.025
12.11.2009;32.75
13.11.2009;34.007
16.11.2009;37.172
17.11.2009;36.153
18.11.2009;37.427
19.11.2009;37.342
20.11.2009;37.683
23.11.2009;37.852
24.11.2009;37.427
25.11.2009;37.852
26.11.2009;38.278
27.11.2009;38.278
30.11.2009;38.533
01.12.2009;39.127
02.12.2009;39.127
03.12.2009;39.98
04.12.2009;39.98
07.12.2009;41.255
08.12.2009;41.255
09.12.2009;41.681
10.12.2009;42.107
11.12.2009;42.107
14.12.2009;42.531
15.12.2009;42.107
16.12.2009;42.107
17.12.2009;42.107
18.12.2009;41.307
21.12.2009;43.467
22.12.2009;42.531
23.12.2009;43.04
28.12.2009;42.531
29.12.2009;42.523
30.12.2009;41.85
31.12.2009;41.34
04.01.2010;42.914
05.01.2010;43.298
06.01.2010;43.595
07.01.2010;43.382
08.01.2010;42.531
11.01.2010;42.702
12.01.2010;42.616
13.01.2010;43.721
14.01.2010;43.85
15.01.2010;44.275
18.01.2010;44.701
19.01.2010;44.403
20.01.2010;44.701
21.01.2010;44.701
22.01.2010;44.148
25.01.2010;44.232
26.01.2010;45.636
27.01.2010;45.042
28.01.2010;45.296
29.01.2010;45.083
01.02.2010;47.21
02.02.2010;46.785
03.02.2010;46.87
04.02.2010;46.359
05.02.2010;46.359
08.02.2010;46.317
09.02.2010;46.061
10.02.2010;46.019
11.02.2010;45.082
12.02.2010;45.508
15.02.2010;44.869
16.02.2010;44.657
17.02.2010;44.657
18.02.2010;44.615
19.02.2010;43.467
22.02.2010;44.615
24.02.2010;44.574
25.02.2010;44.36
26.02.2010;44.657
01.03.2010;44.701
02.03.2010;45.082
03.03.2010;45.933
04.03.2010;46.317
05.03.2010;45.594
08.03.2010;46.359
09.03.2010;46.785
10.03.2010;46.785
11.03.2010;46.359
12.03.2010;46.785
15.03.2010;46.785
16.03.2010;46.359
17.03.2010;46.359
18.03.2010;46.359
19.03.2010;47.21
22.03.2010;46.785
23.03.2010;46.656
24.03.2010;47.635
25.03.2010;47.21
26.03.2010;48.572
29.03.2010;48.783
30.03.2010;48.783
31.03.2010;47.208
01.04.2010;48.572
06.04.2010;48.912
07.04.2010;49.635
08.04.2010;48.655
09.04.2010;49.335
12.04.2010;48.827
13.04.2010;49.335
14.04.2010;48.912
15.04.2010;49.676
16.04.2010;49.335
19.04.2010;48.827
20.04.2010;48.827
21.04.2010;48.485
22.04.2010;48.485
23.04.2010;49.292
26.04.2010;48.868
27.04.2010;48.74
28.04.2010;48.74
29.04.2010;48.485
30.04.2010;49.631
04.05.2010;48.912
05.05.2010;48.912
06.05.2010;47.635
07.05.2010;45.933
10.05.2010;48.189
11.05.2010;47.592
12.05.2010;48.912
13.05.2010;48.189
14.05.2010;48.23
17.05.2010;48.4
18.05.2010;48.4
19.05.2010;47.635
20.05.2010;47.21
21.05.2010;47.21
24.05.2010;47.21
25.05.2010;47.21
26.05.2010;47.21
27.05.2010;48.485
28.05.2010;48.912
31.05.2010;48.576
01.06.2010;48.572
02.06.2010;47.294
04.06.2010;46.785
07.06.2010;46.785
08.06.2010;45.933
09.06.2010;45.296
10.06.2010;45.933
11.06.2010;46.232
14.06.2010;46.359
15.06.2010;46.359
16.06.2010;46.359
17.06.2010;47.292
18.06.2010;45.933
21.06.2010;45.933
22.06.2010;46.656
23.06.2010;46.105
24.06.2010;45.933
29.06.2010;45.933
30.06.2010;45.933
01.07.2010;44.998
02.07.2010;43.382
05.07.2010;42.531
06.07.2010;43.765
07.07.2010;44.657
08.07.2010;45.082
09.07.2010;45.082
12.07.2010;45.933
13.07.2010;46.785
14.07.2010;46.785
15.07.2010;46.785
16.07.2010;46.785
19.07.2010;46.443
20.07.2010;45.977
21.07.2010;46.785
22.07.2010;46.785
23.07.2010;46.785
26.07.2010;47.635
27.07.2010;48.74
28.07.2010;48.572
29.07.2010;48.06
30.07.2010;47.639
02.08.2010;47.635
03.08.2010;47.596
04.08.2010;46.785
05.08.2010;46.358
06.08.2010;45.933
09.08.2010;45.846
10.08.2010;45.933
11.08.2010;45.933
12.08.2010;45.933
13.08.2010;47.21
16.08.2010;47.21
17.08.2010;47.252
18.08.2010;47.252
19.08.2010;47.252
20.08.2010;47.126
23.08.2010;46.019
24.08.2010;46.27
25.08.2010;45.847
26.08.2010;45.933
27.08.2010;45.804
30.08.2010;45.933
31.08.2010;46.738
01.09.2010;46.531
02.09.2010;46.783
03.09.2010;48.444
06.09.2010;48.401
07.09.2010;48.064
08.09.2010;48.444
09.09.2010;47.639
10.09.2010;48.359
13.09.2010;48.877
14.09.2010;48.618
15.09.2010;47.881
16.09.2010;46.799
17.09.2010;46.755
20.09.2010;47.621
21.09.2010;48.922
22.09.2010;47.796
23.09.2010;47.881
24.09.2010;49.138
27.09.2010;51.043
28.09.2010;51.086
29.09.2010;51.519
30.09.2010;49.787
01.10.2010;49.787
04.10.2010;51.171
05.10.2010;50.393
06.10.2010;50.652
07.10.2010;49.829
08.10.2010;48.531
11.10.2010;48.576
12.10.2010;48.661
13.10.2010;50.738
14.10.2010;51.908
15.10.2010;52.946
18.10.2010;53.422
19.10.2010;52.385
20.10.2010;52.385
21.10.2010;53.378
22.10.2010;53.163
25.10.2010;53.422
26.10.2010;53.422
27.10.2010;53.595
28.10.2010;53.595
29.10.2010;53.597
02.11.2010;53.595
03.11.2010;55.327
04.11.2010;55.242
05.11.2010;55.242
08.11.2010;55.371
09.11.2010;55.371
10.11.2010;54.548
12.11.2010;54.332
15.11.2010;55.327
16.11.2010;55.327
17.11.2010;55.327
18.11.2010;55.242
19.11.2010;53.682
22.11.2010;53.595
23.11.2010;53.682
24.11.2010;53.595
25.11.2010;53.682
26.11.2010;54.289
29.11.2010;53.595
30.11.2010;53.682
01.12.2010;55.327
02.12.2010;54.116
03.12.2010;54.982
06.12.2010;54.852
07.12.2010;54.332
08.12.2010;54.982
09.12.2010;54.548
10.12.2010;54.852
13.12.2010;54.548
14.12.2010;54.548
15.12.2010;53.813
16.12.2010;55.415
17.12.2010;57.147
20.12.2010;57.666
21.12.2010;58.747
22.12.2010;59.008
23.12.2010;59.657
27.12.2010;59.657
28.12.2010;59.657
29.12.2010;59.657
30.12.2010;59.484
31.12.2010;58.875
03.01.2011;57.147
04.01.2011;57.06
05.01.2011;56.282
07.01.2011;55.935
10.01.2011;55.848
11.01.2011;56.367
12.01.2011;55.848
13.01.2011;55.848
14.01.2011;54.723
17.01.2011;54.809
18.01.2011;54.548
19.01.2011;54.548
20.01.2011;55.242
21.01.2011;55.415
24.01.2011;53.942
25.01.2011;55.848
26.01.2011;55.848
27.01.2011;55.848
28.01.2011;55.848
31.01.2011;55.411
01.02.2011;55.415
02.02.2011;54.938
03.02.2011;54.548
04.02.2011;54.116
07.02.2011;54.072
08.02.2011;53.855
09.02.2011;52.385
10.02.2011;51.778
11.02.2011;52.037
14.02.2011;51.606
15.02.2011;51.951
16.02.2011;51.908
17.02.2011;51.345
18.02.2011;51.519
21.02.2011;51.778
22.02.2011;51.561
23.02.2011;51.778
24.02.2011;51.778
25.02.2011;51.606
28.02.2011;51.864
01.03.2011;51.778
02.03.2011;51.778
03.03.2011;51.519
04.03.2011;51.519
07.03.2011;51.778
08.03.2011;51.519
09.03.2011;51.43
10.03.2011;51.43
11.03.2011;50.22
14.03.2011;48.922
15.03.2011;48.487
16.03.2011;49.354
17.03.2011;50.998
18.03.2011;50.22
21.03.2011;51.519
22.03.2011;51.951
23.03.2011;51.519
24.03.2011;51.086
25.03.2011;51.519
28.03.2011;51.43
29.03.2011;51.086
30.03.2011;51.519
31.03.2011;51.517
01.04.2011;50.652
04.04.2011;50.523
05.04.2011;50.652
06.04.2011;51.43
07.04.2011;51.086
08.04.2011;51.043
11.04.2011;50.911
12.04.2011;50.998
13.04.2011;50.998
14.04.2011;51.171
15.04.2011;51.519
18.04.2011;51.951
19.04.2011;51.951
20.04.2011;51.951
21.04.2011;51.606
26.04.2011;51.43
27.04.2011;51.43
28.04.2011;51.086
29.04.2011;51.087
02.05.2011;51.086
04.05.2011;51.519
05.05.2011;51.519
06.05.2011;51.519
09.05.2011;52.817
10.05.2011;51.086
11.05.2011;51.086
12.05.2011;51.043
13.05.2011;50.652
16.05.2011;49.787
17.05.2011;50.955
18.05.2011;50.478
19.05.2011;50.478
20.05.2011;50.652
23.05.2011;51.519
24.05.2011;50.652
25.05.2011;49.354
26.05.2011;49.354
27.05.2011;49.787
30.05.2011;49.354
31.05.2011;49.31
01.06.2011;48.576
02.06.2011;50.652
03.06.2011;51.647
06.06.2011;51.908
07.06.2011;51.951
08.06.2011;51.908
09.06.2011;51.778
10.06.2011;51.519
13.06.2011;51.475
14.06.2011;51.519
15.06.2011;52.124
17.06.2011;51.259
20.06.2011;51.259
21.06.2011;51.259
22.06.2011;51.951
24.06.2011;51.086
27.06.2011;51.606
28.06.2011;50.911
29.06.2011;50.911
30.06.2011;49.785
01.07.2011;49.266
04.07.2011;49.354
05.07.2011;50.263
06.07.2011;50.26
07.07.2011;50.263
08.07.2011;50.22
11.07.2011;49.354
12.07.2011;48.487
13.07.2011;49.138
14.07.2011;49.093
15.07.2011;48.401
18.07.2011;48.487
19.07.2011;48.484
20.07.2011;48.487
21.07.2011;48.227
22.07.2011;48.401
25.07.2011;48.401
26.07.2011;48.484
27.07.2011;48.487
28.07.2011;48.313
29.07.2011;48.484
01.08.2011;47.621
02.08.2011;47.534
03.08.2011;43.257
04.08.2011;43.29
05.08.2011;44.16
08.08.2011;42.825
09.08.2011;39.829
10.08.2011;37.838
11.08.2011;36.366
12.08.2011;38.791
16.08.2011;37.994
17.08.2011;37.926
18.08.2011;35.5
19.08.2011;34.631
22.08.2011;35.153
23.08.2011;34.546
24.08.2011;34.633
25.08.2011;34.461
26.08.2011;34.202
29.08.2011;37.663
30.08.2011;38.094
31.08.2011;38.356
01.09.2011;38.094
02.09.2011;37.772
05.09.2011;35.411
06.09.2011;37.179
07.09.2011;38.4
08.09.2011;38.4
09.09.2011;36.965
12.09.2011;33.644
13.09.2011;34.227
14.09.2011;34.227
15.09.2011;34.227
16.09.2011;34.273
19.09.2011;34.452
20.09.2011;34.991
21.09.2011;35.439
22.09.2011;31.491
23.09.2011;33.628
26.09.2011;34.364
27.09.2011;34.991
28.09.2011;35.887
29.09.2011;36.784
30.09.2011;38.041
03.10.2011;37.95
04.10.2011;37.941
05.10.2011;37.593
06.10.2011;37.593
07.10.2011;37.861
10.10.2011;36.794
11.10.2011;37.593
12.10.2011;37.593
13.10.2011;37.95
14.10.2011;36.965
17.10.2011;37.503
18.10.2011;37.503
19.10.2011;37.95
20.10.2011;35.001
21.10.2011;35.708
24.10.2011;37.412
25.10.2011;36.784
26.10.2011;37.933
27.10.2011;38.579
28.10.2011;38.579
31.10.2011;39.487
02.11.2011;40.724
03.11.2011;40.642
04.11.2011;40.598
07.11.2011;40.374
08.11.2011;40.768
09.11.2011;40.374
10.11.2011;40.833
14.11.2011;39.305
15.11.2011;40.598
16.11.2011;39.657
17.11.2011;39.925
18.11.2011;40.374
21.11.2011;40.823
22.11.2011;38.579
23.11.2011;40.185
24.11.2011;39.378
25.11.2011;39.477
28.11.2011;40.015
29.11.2011;39.835
30.11.2011;39.925
01.12.2011;39.925
02.12.2011;39.925
05.12.2011;40.823
06.12.2011;39.835
07.12.2011;39.916
08.12.2011;38.687
09.12.2011;39.835
12.12.2011;39.817
13.12.2011;39.835
14.12.2011;39.835
15.12.2011;39.835
16.12.2011;39.835
19.12.2011;39.835
20.12.2011;39.835
21.12.2011;40.374
22.12.2011;41.27
23.12.2011;41.719
27.12.2011;41.719
28.12.2011;41.719
29.12.2011;41.54
30.12.2011;42.17
02.01.2012;42.069
03.01.2012;42.616
04.01.2012;43.066
05.01.2012;43.066
09.01.2012;42.885
10.01.2012;43.066
11.01.2012;42.616
12.01.2012;41.737
13.01.2012;41.882
16.01.2012;41.809
17.01.2012;41.494
18.01.2012;42.168
19.01.2012;41.719
20.01.2012;41.809
23.01.2012;42.168
24.01.2012;43.891
25.01.2012;44.86
26.01.2012;45.757
27.01.2012;45.757
30.01.2012;43.962
31.01.2012;44.758
01.02.2012;45.667
02.02.2012;46.654
03.02.2012;48.448
06.02.2012;49.705
07.02.2012;48.807
08.02.2012;48.448
09.02.2012;47.506
10.02.2012;47.551
13.02.2012;47.551
14.02.2012;46.654
15.02.2012;48.898
16.02.2012;48.404
17.02.2012;48.448
20.02.2012;50.197
21.02.2012;49.345
22.02.2012;48.448
23.02.2012;47.372
24.02.2012;47.013
27.02.2012;47.104
28.02.2012;47.104
29.02.2012;47.999
01.03.2012;49.839
02.03.2012;49.345
05.03.2012;48.807
06.03.2012;48.448
07.03.2012;49.256
08.03.2012;50.242
09.03.2012;49.884
12.03.2012;50.467
13.03.2012;52.036
14.03.2012;51.14
15.03.2012;51.14
16.03.2012;52.036
19.03.2012;51.992
20.03.2012;51.992
21.03.2012;51.634
22.03.2012;50.961
23.03.2012;51.589
26.03.2012;52.036
27.03.2012;52.036
28.03.2012;52.036
29.03.2012;51.14
30.03.2012;51.54
02.04.2012;51.14
03.04.2012;52.575
04.04.2012;50.961
05.04.2012;51.14
10.04.2012;50.691
11.04.2012;51.005
12.04.2012;50.601
13.04.2012;50.423
16.04.2012;49.839
17.04.2012;51.722
18.04.2012;51.454
19.04.2012;51.14
20.04.2012;50.377
23.04.2012;49.345
24.04.2012;50.242
25.04.2012;50.242
26.04.2012;50.242
27.04.2012;50.601
30.04.2012;51.902
02.05.2012;53.563
04.05.2012;56.523
07.05.2012;54.73
08.05.2012;54.37
09.05.2012;53.158
10.05.2012;52.173
11.05.2012;51.14
14.05.2012;48.898
15.05.2012;49.974
16.05.2012;48.36
17.05.2012;47.551
18.05.2012;47.372
21.05.2012;47.955
22.05.2012;47.551
23.05.2012;45.757
24.05.2012;46.474
25.05.2012;47.955
28.05.2012;47.999
29.05.2012;47.686
30.05.2012;47.596
31.05.2012;47.642
01.06.2012;47.551
04.06.2012;48.18
05.06.2012;47.641
06.06.2012;48.18
08.06.2012;47.999
11.06.2012;47.999
12.06.2012;48.537
13.06.2012;49.345
14.06.2012;48.628
15.06.2012;50.871
18.06.2012;50.288
19.06.2012;52.487
20.06.2012;51.679
21.06.2012;51.992
22.06.2012;51.542
25.06.2012;51.542
26.06.2012;51.949
27.06.2012;52.261
28.06.2012;52.261
29.06.2012;52.937
02.07.2012;52.487
03.07.2012;52.487
04.07.2012;52.934
05.07.2012;51.992
06.07.2012;51.32
09.07.2012;51.768
10.07.2012;52.305
11.07.2012;52.487
12.07.2012;53.293
13.07.2012;53.113
16.07.2012;51.589
17.07.2012;53.832
18.07.2012;54.276
19.07.2012;54.28
20.07.2012;54.101
23.07.2012;53.832
24.07.2012;52.172
25.07.2012;52.126
26.07.2012;52.173
27.07.2012;52.126
30.07.2012;52.126
31.07.2012;52.04
01.08.2012;52.036
02.08.2012;52.036
03.08.2012;52.036
06.08.2012;52.036
07.08.2012;52.036
08.08.2012;52.036
09.08.2012;52.036
10.08.2012;52.036
13.08.2012;52.036
14.08.2012;52.487
16.08.2012;52.934
17.08.2012;51.14
20.08.2012;51.32
21.08.2012;52.036
22.08.2012;52.036
23.08.2012;51.858
24.08.2012;52.217
27.08.2012;51.005
28.08.2012;49.795
29.08.2012;49.57
30.08.2012;50.242
31.08.2012;50.246
03.09.2012;49.345
04.09.2012;47.734
05.09.2012;47.42
06.09.2012;47.863
07.09.2012;48.899
10.09.2012;48.718
11.09.2012;48.36
12.09.2012;48.404
13.09.2012;48.404
14.09.2012;48.445
17.09.2012;47.78
18.09.2012;47.548
19.09.2012;47.107
20.09.2012;47.78
21.09.2012;48.713
24.09.2012;49.166
25.09.2012;50.737
26.09.2012;49.351
27.09.2012;50.366
28.09.2012;51.201
01.10.2012;50.321
02.10.2012;50.829
03.10.2012;50.183
04.10.2012;50.366
05.10.2012;50.183
08.10.2012;49.998
09.10.2012;51.753
10.10.2012;52.679
11.10.2012;52.679
12.10.2012;53.601
15.10.2012;54.527
16.10.2012;56.375
17.10.2012;55.82
18.10.2012;54.989
19.10.2012;52.679
22.10.2012;52.863
23.10.2012;52.909
24.10.2012;53.326
25.10.2012;53.601
26.10.2012;54.436
29.10.2012;54.387
30.10.2012;53.326
31.10.2012;54.157
02.11.2012;54.112
05.11.2012;55.451
06.11.2012;54.989
07.11.2012;54.804
08.11.2012;54.527
09.11.2012;55.912
12.11.2012;56.745
13.11.2012;56.697
14.11.2012;57.298
15.11.2012;56.837
16.11.2012;57.207
19.11.2012;58.177
20.11.2012;60.071
21.11.2012;59.61
22.11.2012;60.996
23.11.2012;61.551
26.11.2012;61.92
27.11.2012;63.768
28.11.2012;64.647
29.11.2012;63.307
30.11.2012;65.246
03.12.2012;65.246
04.12.2012;64.693
05.12.2012;63.307
06.12.2012;62.706
07.12.2012;63.768
10.12.2012;64.599
11.12.2012;64.693
12.12.2012;65.433
13.12.2012;66.263
14.12.2012;69.128
17.12.2012;68.388
18.12.2012;68.388
19.12.2012;68.205
20.12.2012;68.205
21.12.2012;66.587
27.12.2012;66.08
28.12.2012;67.465
02.01.2013;67.927
03.01.2013;68.251
04.01.2013;69.035
07.01.2013;70.792
08.01.2013;71.902
09.01.2013;66.54
10.01.2013;65.664
11.01.2013;66.448
14.01.2013;66.54
15.01.2013;66.311
16.01.2013;65.34
17.01.2013;66.587
18.01.2013;67.095
21.01.2013;67.419
22.01.2013;66.957
23.01.2013;67.927
24.01.2013;68.205
25.01.2013;68.528
28.01.2013;68.205
29.01.2013;67.927
30.01.2013;67.095
31.01.2013;66.54
01.02.2013;67.465
04.02.2013;66.032
05.02.2013;65.062
06.02.2013;64.599
07.02.2013;63.583
08.02.2013;63.399
11.02.2013;62.382
12.02.2013;61.92
13.02.2013;62.011
14.02.2013;66.818
15.02.2013;65.246
18.02.2013;66.54
19.02.2013;66.54
20.02.2013;64.046
21.02.2013;62.521
22.02.2013;64.461
25.02.2013;65.847
26.02.2013;64.323
27.02.2013;65.246
28.02.2013;65.34
01.03.2013;66.08
04.03.2013;66.08
05.03.2013;66.124
06.03.2013;68.388
07.03.2013;70.33
08.03.2013;72.316
11.03.2013;71.16
12.03.2013;71.625
13.03.2013;71.346
14.03.2013;69.59
15.03.2013;72.086
18.03.2013;72.086
19.03.2013;70.238
20.03.2013;70.238
21.03.2013;69.729
22.03.2013;69.314
25.03.2013;67.465
26.03.2013;66.08
27.03.2013;66.08
28.03.2013;65.433
02.04.2013;62.935
03.04.2013;62.382
04.04.2013;63.722
05.04.2013;64.693
08.04.2013;66.54
09.04.2013;68.343
10.04.2013;67.465
11.04.2013;66.771
12.04.2013;66.403
15.04.2013;66.54
17.04.2013;65.524
18.04.2013;64.693
19.04.2013;65.617
22.04.2013;67.002
23.04.2013;65.588
24.04.2013;66.06
25.04.2013;65.617
26.04.2013;65.607
29.04.2013;65.708
30.04.2013;67.465
02.05.2013;66.263
06.05.2013;67.465
07.05.2013;67.465
08.05.2013;68.388
09.05.2013;67.825
10.05.2013;68.388
13.05.2013;70.977
14.05.2013;71.625
15.05.2013;71.724
16.05.2013;72.086
17.05.2013;70.423
20.05.2013;71.301
21.05.2013;72.27
22.05.2013;74.397
23.05.2013;75.784
24.05.2013;76.244
27.05.2013;75.338
28.05.2013;75.311
29.05.2013;73.471
31.05.2013;72.914
03.06.2013;72.086
04.06.2013;74.858
05.06.2013;77.17
06.06.2013;74.858
07.06.2013;74.441
10.06.2013;74.304
11.06.2013;73.934
12.06.2013;74.545
13.06.2013;76.705
14.06.2013;75.784
17.06.2013;77.631
18.06.2013;79.664
19.06.2013;82.16
20.06.2013;78.833
21.06.2013;80.118
24.06.2013;79.664
25.06.2013;81.42
26.06.2013;83.914
27.06.2013;80.312
28.06.2013;78.556
01.07.2013;80.006
02.07.2013;80.032
03.07.2013;77.631
04.07.2013;78.556
05.07.2013;79.294
08.07.2013;78.139
09.07.2013;77.353
10.07.2013;77.631
11.07.2013;80.404
12.07.2013;80.173
15.07.2013;79.94
16.07.2013;80.126
17.07.2013;80.866
18.07.2013;82.252
19.07.2013;82.252
22.07.2013;81.438
23.07.2013;83.546
24.07.2013;85.024
25.07.2013;86.504
26.07.2013;83.637
29.07.2013;85.024
30.07.2013;86.272
31.07.2013;86.872
01.08.2013;85.487
02.08.2013;89.553
05.08.2013;89.553
06.08.2013;89.645
07.08.2013;88.721
08.08.2013;91.493
09.08.2013;94.131
12.08.2013;98.88
13.08.2013;98.437
14.08.2013;100.56
16.08.2013;99.82
19.08.2013;96.112
20.08.2013;93.344
21.08.2013;93.344
22.08.2013;92.4
23.08.2013;93.438
26.08.2013;93.344
27.08.2013;90.2
28.08.2013;88.721
29.08.2013;91.114
30.08.2013;90.616
02.09.2013;94.455
03.09.2013;95.697
04.09.2013;92.417
05.09.2013;92.417
06.09.2013;92.417
09.09.2013;96.112
10.09.2013;97.819
11.09.2013;98.516
12.09.2013;97.04
13.09.2013;96.112
16.09.2013;93.344
17.09.2013;96.112
18.09.2013;96.49
19.09.2013;101.66
20.09.2013;104.43
23.09.2013;103.5
24.09.2013;103.9
25.09.2013;104.68
26.09.2013;105.86
27.09.2013;105.95
30.09.2013;105.66
01.10.2013;108.89
02.10.2013;108.77
03.10.2013;110.63
04.10.2013;110.36
07.10.2013;109.13
08.10.2013;108.86
09.10.2013;112.51
10.10.2013;116.06
11.10.2013;118.51
14.10.2013;121.83
15.10.2013;125.63
16.10.2013;129.3
17.10.2013;124.68
18.10.2013;125.54
21.10.2013;129.38
22.10.2013;128.26
23.10.2013;127.75
24.10.2013;130.23
25.10.2013;130.33
28.10.2013;126.57
29.10.2013;129.3
30.10.2013;126.11
31.10.2013;121.88
04.11.2013;121.69
05.11.2013;117.67
06.11.2013;117.57
07.11.2013;117.95
08.11.2013;112.41
12.11.2013;111.1
13.11.2013;110.63
14.11.2013;112.51
15.11.2013;111.29
18.11.2013;111.58
19.11.2013;112.51
20.11.2013;114.38
21.11.2013;116.96
22.11.2013;117.67
25.11.2013;116.54
26.11.2013;114.86
27.11.2013;114.38
28.11.2013;112.51
29.11.2013;111.76
02.12.2013;110.63
03.12.2013;110.63
04.12.2013;107.91
05.12.2013;109.23
06.12.2013;109.69
09.12.2013;109.93
10.12.2013;109.69
11.12.2013;108.72
12.12.2013;106.41
13.12.2013;106.41
16.12.2013;107.91
17.12.2013;105.95
18.12.2013;106.88
19.12.2013;105.95
20.12.2013;105.9
23.12.2013;107.73
27.12.2013;109.64
30.12.2013;109.33
02.01.2014;110.16
03.01.2014;109.64
07.01.2014;107.73
08.01.2014;105.62
09.01.2014;106.78
10.01.2014;105.01
13.01.2014;100.31
14.01.2014;101.87
15.01.2014;103.13
16.01.2014;103.32
17.01.2014;102.19
20.01.2014;101.82
21.01.2014;105.28
22.01.2014;110.16
23.01.2014;114.86
24.01.2014;110.54
27.01.2014;109.69
28.01.2014;111.76
29.01.2014;110.45
30.01.2014;109.69
31.01.2014;111.58
03.02.2014;112.7
04.02.2014;110.82
05.02.2014;111.01
06.02.2014;114.38
07.02.2014;113.73
10.02.2014;116.06
11.02.2014;114.95
12.02.2014;115.32
13.02.2014;116.72
14.02.2014;120.01
17.02.2014;123.93
18.02.2014;120.99
19.02.2014;121.74
20.02.2014;120.84
21.02.2014;121.88
24.02.2014;124.68
25.02.2014;122.26
26.02.2014;121.88
27.02.2014;123.1
28.02.2014;123.3
03.03.2014;115.22
04.03.2014;121.42
05.03.2014;120.49
06.03.2014;120.49
07.03.2014;119.16
10.03.2014;118.31
11.03.2014;116.16
12.03.2014;112.7
13.03.2014;111.58
14.03.2014;108.77
17.03.2014;115.79
18.03.2014;116.36
19.03.2014;117.2
20.03.2014;118.79
21.03.2014;120.49
24.03.2014;120.3
25.03.2014;118.94
26.03.2014;119.07
27.03.2014;119.77
28.03.2014;118.13
31.03.2014;122.83
01.04.2014;125.77
02.04.2014;125.77
03.04.2014;126.57
04.04.2014;125.73
07.04.2014;123.76
08.04.2014;122.83
09.04.2014;123.76
10.04.2014;125.07
11.04.2014;122.54
14.04.2014;119.03
15.04.2014;117.2
16.04.2014;118.13
17.04.2014;117.95
22.04.2014;119.91
23.04.2014;120.06
24.04.2014;117.01
25.04.2014;118.41
28.04.2014;117.76
29.04.2014;118.13
30.04.2014;119.07
02.05.2014;117.81
05.05.2014;114.29
06.05.2014;112.51
07.05.2014;106.41
08.05.2014;106.41
09.05.2014;103.5
12.05.2014;106.7
13.05.2014;109.33
14.05.2014;109.88
15.05.2014;106.04
16.05.2014;105.95
19.05.2014;104.15
20.05.2014;105.48
21.05.2014;108.67
22.05.2014;111.29
23.05.2014;110.63
26.05.2014;110.36
27.05.2014;110.54
28.05.2014;109.74
29.05.2014;111.67
30.05.2014;112.97
02.06.2014;111.01
03.06.2014;111.67
04.06.2014;111.01
05.06.2014;111.1
06.06.2014;110.45
09.06.2014;109.69
10.06.2014;110.59
11.06.2014;109.47
12.06.2014;106.41
13.06.2014;105.01
16.06.2014;106.46
17.06.2014;108.67
18.06.2014;107.35
20.06.2014;105.76
23.06.2014;106.92
24.06.2014;107.73
25.06.2014;105.95
26.06.2014;105.9
27.06.2014;105.38
30.06.2014;106.41
01.07.2014;103.8
02.07.2014;104.15
03.07.2014;104.54
04.07.2014;105.23
07.07.2014;105.48
08.07.2014;105.01
09.07.2014;105.01
10.07.2014;103.9
11.07.2014;102.81
14.07.2014;102.39
15.07.2014;102.19
16.07.2014;103.13
17.07.2014;102.57
18.07.2014;101.16
21.07.2014;100.31
22.07.2014;100.31
23.07.2014;100.31
24.07.2014;98.536
25.07.2014;103.6
28.07.2014;105.19
29.07.2014;103.41
30.07.2014;101.34
31.07.2014;102.96
01.08.2014;103.95
04.08.2014;103.75
05.08.2014;103.04
06.08.2014;100.13
07.08.2014;98.457
08.08.2014;96.992
11.08.2014;96.992
12.08.2014;97.04
13.08.2014;100.31
14.08.2014;102.86
18.08.2014;103.13
19.08.2014;105.86
20.08.2014;107.82
21.08.2014;107.07
22.08.2014;108.52
25.08.2014;108.2
26.08.2014;108.57
27.08.2014;110.4
28.08.2014;109.69
29.08.2014;111.58
01.09.2014;114.38
02.09.2014;115.32
03.09.2014;116.26
04.09.2014;120.94
05.09.2014;120.79
08.09.2014;120.94
09.09.2014;120.94
10.09.2014;121.04
11.09.2014;121.42
12.09.2014;123.1
15.09.2014;125.58
16.09.2014;124.03
17.09.2014;127.46
18.09.2014;126.57
19.09.2014;130.98
22.09.2014;127.93
23.09.2014;126.57
24.09.2014;126.29
25.09.2014;127.23
26.09.2014;125.81
29.09.2014;123.82
30.09.2014;121.26
01.10.2014;120.36
02.10.2014;124.4
03.10.2014;123.35
06.10.2014;124.49
07.10.2014;123.82
08.10.2014;123.26
09.10.2014;123.72
10.10.2014;121.73
13.10.2014;121.92
14.10.2014;122.78
15.10.2014;121.44
16.10.2014;121.44
17.10.2014;121.44
20.10.2014;118.12
21.10.2014;118.12
22.10.2014;119.64
23.10.2014;122.35
24.10.2014;122.58
27.10.2014;120.03
28.10.2014;121.4
29.10.2014;121.92
30.10.2014;122.45
31.10.2014;122.58
03.11.2014;121.58
04.11.2014;122.87
05.11.2014;121.92
06.11.2014;123.35
07.11.2014;136.07
10.11.2014;139.96
12.11.2014;143.94
13.11.2014;141.37
14.11.2014;139.96
17.11.2014;139.48
18.11.2014;141.42
19.11.2014;143.03
20.11.2014;141.37
21.11.2014;141.71
24.11.2014;141.94
25.11.2014;140.42
26.11.2014;140.05
27.11.2014;140.42
28.11.2014;138.05
01.12.2014;140.52
02.12.2014;139.91
03.12.2014;140.37
04.12.2014;140.37
05.12.2014;140.42
08.12.2014;140.42
09.12.2014;140.32
10.12.2014;140.42
11.12.2014;138
12.12.2014;134.27
15.12.2014;129.6
16.12.2014;131.41
17.12.2014;129.03
18.12.2014;132.84
19.12.2014;134.72
22.12.2014;133.3
23.12.2014;132.74
29.12.2014;129.41
30.12.2014;126.66
02.01.2015;125.53
05.01.2015;125.25
07.01.2015;132.35
08.01.2015;140.57
09.01.2015;138.05
12.01.2015;138.53
13.01.2015;135.22
14.01.2015;134.53
15.01.2015;134.27
16.01.2015;134.08
19.01.2015;135.68
20.01.2015;133.98
21.01.2015;138.53
22.01.2015;138.62
23.01.2015;141.71
26.01.2015;140.52
27.01.2015;145.12
28.01.2015;145.16
29.01.2015;145.16
30.01.2015;146.11
02.02.2015;147.55
03.02.2015;144.6
04.02.2015;144.45
05.02.2015;146.88
06.02.2015;149.34
09.02.2015;150
10.02.2015;149.34
11.02.2015;151.05
12.02.2015;147.5
13.02.2015;143.27
16.02.2015;143.27
17.02.2015;148.02
18.02.2015;150.63
19.02.2015;148.43
20.02.2015;149.48
23.02.2015;150.86
24.02.2015;146.11
25.02.2015;148.02
26.02.2015;161.26
27.02.2015;172.35
02.03.2015;169.46
03.03.2015;171.44
04.03.2015;175.53
05.03.2015;176.06
06.03.2015;180.14
09.03.2015;183.11
10.03.2015;180.41
11.03.2015;176.96
12.03.2015;177.8
13.03.2015;174.3
16.03.2015;175.26
17.03.2015;174.57
18.03.2015;177.23
19.03.2015;175.48
20.03.2015;174.39
23.03.2015;174.87
24.03.2015;174.39
25.03.2015;173.63
26.03.2015;172.69
27.03.2015;168.75
30.03.2015;171.74
31.03.2015;173.53
01.04.2015;166.04
02.04.2015;166.19
07.04.2015;166.38
08.04.2015;167.47
09.04.2015;165.29
10.04.2015;166.14
13.04.2015;170.49
14.04.2015;172.97
15.04.2015;176.47
16.04.2015;180.85
17.04.2015;175.82
20.04.2015;180.27
21.04.2015;181.22
22.04.2015;182.31
23.04.2015;181.6
24.04.2015;182.07
27.04.2015;188.72
28.04.2015;186.06
29.04.2015;182.16
30.04.2015;180.76
04.05.2015;176.47
05.05.2015;172.59
06.05.2015;177.62
07.05.2015;180.27
08.05.2015;176.47
11.05.2015;175.06
12.05.2015;174.57
13.05.2015;175.35
14.05.2015;174.82
15.05.2015;177.48
18.05.2015;178.43
19.05.2015;177.48
20.05.2015;173.53
21.05.2015;174.34
22.05.2015;171.54
25.05.2015;171.74
26.05.2015;166.04
27.05.2015;171.35
28.05.2015;169.94
29.05.2015;174.39
01.06.2015;176.47
02.06.2015;163.29
03.06.2015;166.99
05.06.2015;168.27
08.06.2015;166.09
09.06.2015;162.71
10.06.2015;166.04
11.06.2015;166.51
12.06.2015;167.66
15.06.2015;166.24
16.06.2015;167.09
17.06.2015;163.67
18.06.2015;167.14
19.06.2015;165.48
22.06.2015;170.64
23.06.2015;169.84
24.06.2015;169.42
25.06.2015;168.51
26.06.2015;170.32
29.06.2015;166.9
30.06.2015;165.09
01.07.2015;169.84
02.07.2015;171.44
03.07.2015;169.84
06.07.2015;166.04
07.07.2015;165.09
08.07.2015;163.49
09.07.2015;163.49
10.07.2015;169.84
13.07.2015;173.25
14.07.2015;174.06
15.07.2015;173.68
16.07.2015;176.1
17.07.2015;180.27
20.07.2015;180.51
21.07.2015;180.71
22.07.2015;179.28
23.07.2015;178
24.07.2015;181.22
27.07.2015;179.04
28.07.2015;179.28
29.07.2015;182.55
30.07.2015;181.7
31.07.2015;183.11
03.08.2015;176.96
04.08.2015;177.9
05.08.2015;183.03
06.08.2015;178.38
07.08.2015;179.84
10.08.2015;179.28
11.08.2015;180.27
12.08.2015;179.32
13.08.2015;177.38
14.08.2015;176.52
17.08.2015;180.04
18.08.2015;178.48
19.08.2015;180.18
20.08.2015;179.8
21.08.2015;179.32
24.08.2015;165.19
25.08.2015;171.3
26.08.2015;160.82
27.08.2015;164.62
28.08.2015;165.99
31.08.2015;162.16
01.09.2015;157.98
02.09.2015;150.86
03.09.2015;154.66
04.09.2015;155.62
07.09.2015;153.72
08.09.2015;157.5
09.09.2015;160.4
10.09.2015;162.71
11.09.2015;158.93
14.09.2015;160.72
15.09.2015;162.43
16.09.2015;163.53
17.09.2015;160.87
18.09.2015;162.02
21.09.2015;161.31
22.09.2015;157.19
23.09.2015;155.75
24.09.2015;151.64
25.09.2015;157.29
28.09.2015;155.89
29.09.2015;154.74
30.09.2015;158.35
01.10.2015;158.84
02.10.2015;153.09
05.10.2015;155.51
06.10.2015;151.64
07.10.2015;149.9
08.10.2015;156.03
09.10.2015;160.81
12.10.2015;160.81
13.10.2015;164.2
14.10.2015;161.49
15.10.2015;165.16
16.10.2015;167.1
19.10.2015;167.96
20.10.2015;167.77
21.10.2015;167.1
22.10.2015;167.96
23.10.2015;167.53
26.10.2015;171.1
27.10.2015;169.95
28.10.2015;170.39
29.10.2015;166.9
30.10.2015;163.23
02.11.2015;162.27
03.11.2015;163.23
04.11.2015;163.95
05.11.2015;162.27
06.11.2015;150.68
09.11.2015;147.3
10.11.2015;143.13
12.11.2015;146.81
13.11.2015;143.82
16.11.2015;137.92
17.11.2015;140.1
18.11.2015;139.62
19.11.2015;141.2
20.11.2015;145.85
23.11.2015;149.32
24.11.2015;148.89
25.11.2015;149.66
26.11.2015;153.78
27.11.2015;153.48
30.11.2015;153.58
01.12.2015;143.92
02.12.2015;141.98
03.12.2015;143.13
04.12.2015;141.5
07.12.2015;140.05
08.12.2015;139.09
09.12.2015;128.32
10.12.2015;132.71
11.12.2015;131.21
14.12.2015;127.49
15.12.2015;129.28
16.12.2015;132.27
17.12.2015;132.31
18.12.2015;130.88
21.12.2015;128.27
22.12.2015;131.84
23.12.2015;132.31
28.12.2015;129.52
29.12.2015;129.42
30.12.2015;133.82
04.01.2016;126.14
05.01.2016;124.01
07.01.2016;116.87
08.01.2016;118.31
11.01.2016;117.4
12.01.2016;118.17
13.01.2016;119.48
14.01.2016;118.03
15.01.2016;117.79
18.01.2016;112.28
19.01.2016;113.24
20.01.2016;108.86
21.01.2016;105.27
22.01.2016;111.66
25.01.2016;114.94
26.01.2016;113
27.01.2016;115.75
28.01.2016;115.17
29.01.2016;115.07
01.02.2016;120.16
02.02.2016;116.97
03.02.2016;120.87
04.02.2016;126.52
05.02.2016;122.86
08.02.2016;120.4
09.02.2016;120.45
10.02.2016;121.22
11.02.2016;121.22
12.02.2016;122.86
15.02.2016;121.99
16.02.2016;119.76
17.02.2016;124.98
18.02.2016;130.35
19.02.2016;127.84
22.02.2016;129.42
23.02.2016;129.42
24.02.2016;127.4
25.02.2016;135.8
26.02.2016;139.09
29.02.2016;144.89
01.03.2016;139.96
02.03.2016;141.8
03.03.2016;142.27
04.03.2016;141.5
07.03.2016;142.95
08.03.2016;145.8
09.03.2016;146.37
10.03.2016;147.78
11.03.2016;148.69
14.03.2016;148.4
15.03.2016;147.34
16.03.2016;149.03
17.03.2016;153.43
18.03.2016;152.66
21.03.2016;154.19
22.03.2016;154.54
23.03.2016;154.54
24.03.2016;152.61
29.03.2016;152.61
30.03.2016;151.01
31.03.2016;154.29
01.04.2016;145.85
04.04.2016;147.58
05.04.2016;144.89
06.04.2016;139.57
07.04.2016;145.41
08.04.2016;148.93
11.04.2016;147.78
12.04.2016;146.67
13.04.2016;151.35
14.04.2016;154.64
15.04.2016;155.16
18.04.2016;161.01
19.04.2016;164.2
20.04.2016;167.53
21.04.2016;165.21
22.04.2016;165.06
25.04.2016;164.2
26.04.2016;164.2
27.04.2016;164.2
28.04.2016;163.23
29.04.2016;164.2
02.05.2016;164.2
04.05.2016;164.5
05.05.2016;163.23
06.05.2016;159.18
09.05.2016;160.33
10.05.2016;164.1
11.05.2016;163.23
12.05.2016;162.99
13.05.2016;165.16
16.05.2016;166.28
17.05.2016;162.08
18.05.2016;157.43
19.05.2016;156.71
20.05.2016;159.37
23.05.2016;164.2
24.05.2016;163.23
25.05.2016;163.23
27.05.2016;161.11
30.05.2016;164.05
31.05.2016;164.68
01.06.2016;162.74
02.06.2016;166.13
03.06.2016;172.9
06.06.2016;169.95
07.06.2016;166.61
08.06.2016;162.84
09.06.2016;158.69
10.06.2016;159.56
13.06.2016;163.18
14.06.2016;160.76
15.06.2016;159.7
16.06.2016;155.89
17.06.2016;158.35
20.06.2016;160.91
21.06.2016;164.1
22.06.2016;168.05
23.06.2016;167.53
24.06.2016;158.45
27.06.2016;154.64
28.06.2016;154.54
29.06.2016;155.51
30.06.2016;154.19
01.07.2016;154.19
04.07.2016;160.66
05.07.2016;166.51
06.07.2016;159.84
07.07.2016;166.08
08.07.2016;168.15
11.07.2016;169.99
12.07.2016;171.78
13.07.2016;171.83
14.07.2016;171.68
15.07.2016;172.35
18.07.2016;173.23
19.07.2016;172.9
20.07.2016;175.22
21.07.2016;174.43
22.07.2016;178.21
25.07.2016;178.68
26.07.2016;178.21
27.07.2016;178.11
28.07.2016;178.21
29.07.2016;171.68
01.08.2016;174.33
02.08.2016;177.72
03.08.2016;173.85
04.08.2016;179.99
05.08.2016;178.21
08.08.2016;179.99
09.08.2016;179.31
10.08.2016;178.55
11.08.2016;181.1
12.08.2016;181.87
16.08.2016;185.34
17.08.2016;180.14
18.08.2016;183.03
19.08.2016;177.91
22.08.2016;175.17
23.08.2016;176.22
24.08.2016;177.23
25.08.2016;180.14
26.08.2016;180.57
29.08.2016;179.84
30.08.2016;180.33
31.08.2016;177.89
01.09.2016;178.33
02.09.2016;178.58
05.09.2016;179.16
06.09.2016;176.91
07.09.2016;177.69
08.09.2016;177.3
09.09.2016;168.16
12.09.2016;163.28
13.09.2016;166.36
14.09.2016;165.96
15.09.2016;165.57
16.09.2016;159.8
19.09.2016;162.98
20.09.2016;164.01
21.09.2016;162.54
22.09.2016;169.53
23.09.2016;172.56
26.09.2016;169.73
27.09.2016;170.37
28.09.2016;173.98
29.09.2016;175.94
30.09.2016;173.01
03.10.2016;179.01
04.10.2016;178.77
05.10.2016;175.89
06.10.2016;179.84
07.10.2016;180.82
10.10.2016;177.84
11.10.2016;180.63
12.10.2016;180.82
13.10.2016;179.74
14.10.2016;179.84
17.10.2016;178.63
18.10.2016;184.24
19.10.2016;190.59
20.10.2016;190.59
21.10.2016;191.08
24.10.2016;194.11
25.10.2016;190.59
26.10.2016;190.59
27.10.2016;193.53
28.10.2016;194.51
31.10.2016;194.61
02.11.2016;190.69
03.11.2016;186.79
04.11.2016;183.71
07.11.2016;186.39
08.11.2016;187.08
09.11.2016;186.19
10.11.2016;188.25
14.11.2016;179.35
15.11.2016;176.91
16.11.2016;180.23
17.11.2016;179.5
18.11.2016;178.38
21.11.2016;184.78
22.11.2016;186.29
23.11.2016;190.59
24.11.2016;194.41
25.11.2016;193.33
28.11.2016;189.13
29.11.2016;192.56
30.11.2016;194.51
01.12.2016;191.91
02.12.2016;187.46
05.12.2016;191.53
06.12.2016;190.05
07.12.2016;189.57
08.12.2016;197.09
09.12.2016;190.05
12.12.2016;188.98
13.12.2016;188.15
14.12.2016;192.36
15.12.2016;191.58
16.12.2016;192.61
19.12.2016;190.84
20.12.2016;191.58
21.12.2016;190.59
22.12.2016;193.53
23.12.2016;193.23
27.12.2016;194.01
28.12.2016;194.41
29.12.2016;197.93
30.12.2016;198.95
02.01.2017;206.24
03.01.2017;212.29
04.01.2017;206.19
05.01.2017;204.71
09.01.2017;207.7
10.01.2017;212.19
11.01.2017;212.58
12.01.2017;208.19
13.01.2017;213.56
16.01.2017;212.09
17.01.2017;208.29
18.01.2017;208.19
19.01.2017;209.17
20.01.2017;208.29
23.01.2017;199.88
24.01.2017;196.66
25.01.2017;206.19
26.01.2017;202.33
27.01.2017;200.86
30.01.2017;202.13
31.01.2017;201.93
01.02.2017;199.14
02.02.2017;199.88
03.02.2017;198.85
06.02.2017;202.76
07.02.2017;206.34
08.02.2017;210.14
09.02.2017;212.09
10.02.2017;210.34
13.02.2017;208.29
14.02.2017;209.41
15.02.2017;210.53
16.02.2017;212.09
17.02.2017;207.21
20.02.2017;208.53
21.02.2017;211.12
22.02.2017;211.91
23.02.2017;213.08
24.02.2017;219.82
27.02.2017;220.4
28.02.2017;220.4
01.03.2017;224.26
02.03.2017;224.26
03.03.2017;224.91
06.03.2017;222.76
07.03.2017;221.38
08.03.2017;224.81
09.03.2017;229.69
10.03.2017;233.61
13.03.2017;234.09
14.03.2017;232.23
15.03.2017;233.11
16.03.2017;238.39
17.03.2017;231.64
20.03.2017;236.04
21.03.2017;229.69
22.03.2017;228.71
23.03.2017;230.57
24.03.2017;224.56
27.03.2017;224.21
28.03.2017;219.92
29.03.2017;219.63
30.03.2017;225.69
31.03.2017;232.62
03.04.2017;231.93
04.04.2017;229.64
05.04.2017;229.69
06.04.2017;225.79
07.04.2017;224.81
10.04.2017;226.31
11.04.2017;221.09
12.04.2017;223.58
13.04.2017;224.66
18.04.2017;218.99
19.04.2017;219.72
20.04.2017;222.26
21.04.2017;218.5
24.04.2017;220.99
25.04.2017;224.41
26.04.2017;222.86
27.04.2017;221.68
28.04.2017;219.33
02.05.2017;222.36
04.05.2017;217.96
05.05.2017;218.16
08.05.2017;216.79
09.05.2017;217.96
10.05.2017;215.03
11.05.2017;211.12
12.05.2017;213.08
15.05.2017;202.13
16.05.2017;204.57
17.05.2017;207.6
18.05.2017;205.11
19.05.2017;212.06
22.05.2017;216.01
23.05.2017;220.5
24.05.2017;215.76
25.05.2017;207.31
26.05.2017;207.31
29.05.2017;207.31
30.05.2017;205.26
31.05.2017;205.26
01.06.2017;207.01
02.06.2017;215.51
05.06.2017;214.44
06.06.2017;212.06
07.06.2017;209.17
08.06.2017;209.65
09.06.2017;211.32
12.06.2017;208.68
13.06.2017;210.14
14.06.2017;212.53
16.06.2017;212.34
19.06.2017;219.48
20.06.2017;221.14
21.06.2017;219.14
22.06.2017;219.92
23.06.2017;217.04
26.06.2017;219.92
27.06.2017;224.21
28.06.2017;224.81
29.06.2017;221.73
30.06.2017;219.92
03.07.2017;225.79
04.07.2017;225.69
05.07.2017;230.28
06.07.2017;230.28
07.07.2017;232.91
10.07.2017;229.59
11.07.2017;228.13
12.07.2017;228.57
13.07.2017;220.99
14.07.2017;223.23
17.07.2017;225.79
18.07.2017;224.11
19.07.2017;225.79
20.07.2017;222.36
21.07.2017;229.69
24.07.2017;227.64
25.07.2017;224.81
26.07.2017;228.37
27.07.2017;231.36
28.07.2017;232.53
31.07.2017;238.49
01.08.2017;245.04
02.08.2017;242.35
03.08.2017;240.83
04.08.2017;245.33
07.08.2017;244.99
08.08.2017;245.43
09.08.2017;245.66
10.08.2017;243.52
11.08.2017;239.37
14.08.2017;246.21
16.08.2017;243.38
17.08.2017;238.69
18.08.2017;242.83
21.08.2017;242.68
22.08.2017;245.76
23.08.2017;243.13
24.08.2017;249.19
25.08.2017;248.75
28.08.2017;258.92
29.08.2017;253.68
30.08.2017;257.94
31.08.2017;256.29
01.09.2017;264.88
04.09.2017;278.85
05.09.2017;280.62
06.09.2017;284.9
07.09.2017;268.53
08.09.2017;269.27
11.09.2017;268.08
12.09.2017;273.76
13.09.2017;275.79
14.09.2017;276.17
15.09.2017;274.5
18.09.2017;280.02
19.09.2017;283.58
20.09.2017;284.02
21.09.2017;284.51
22.09.2017;288.16
25.09.2017;285.35
26.09.2017;277.16
27.09.2017;286.54
28.09.2017;279.13
29.09.2017;272.23
02.10.2017;284.95
03.10.2017;293.93
04.10.2017;289.83
05.10.2017;281.16
06.10.2017;276.17
09.10.2017;287.27
10.10.2017;284.75
11.10.2017;279.38
12.10.2017;277.06
13.10.2017;274.99
16.10.2017;273.71
17.10.2017;266.86
18.10.2017;261.68
19.10.2017;262.86
20.10.2017;261.93
23.10.2017;267.89
24.10.2017;267.3
25.10.2017;270.26
26.10.2017;270.21
27.10.2017;276.02
30.10.2017;271.74
31.10.2017;269.22
02.11.2017;261.97
03.11.2017;262.36
06.11.2017;259.4
07.11.2017;259.75
08.11.2017;261.88
09.11.2017;244.61
10.11.2017;246.88
13.11.2017;246.63
14.11.2017;252.06
15.11.2017;246.29
16.11.2017;243.63
17.11.2017;240.67
20.11.2017;248.07
21.11.2017;246.58
22.11.2017;243.63
23.11.2017;245.59
24.11.2017;243.38
27.11.2017;242.5
28.11.2017;246.14
29.11.2017;242.64
30.11.2017;236.58
01.12.2017;256.44
04.12.2017;250.53
05.12.2017;251.51
06.12.2017;247.57
07.12.2017;255.46
08.12.2017;256.44
11.12.2017;268.73
12.12.2017;266.81
13.12.2017;266.31
14.12.2017;269.82
15.12.2017;265.32
18.12.2017;270.75
19.12.2017;275.34
20.12.2017;276.47
21.12.2017;277.41
22.12.2017;274.3
27.12.2017;280.12
28.12.2017;279.13
29.12.2017;281.11
03.01.2018;286.63
04.01.2018;289
05.01.2018;294.52
08.01.2018;294.13
09.01.2018;294.92
10.01.2018;295.5
11.01.2018;292.74
12.01.2018;291.96
15.01.2018;290.97
16.01.2018;300.83
17.01.2018;297.68
18.01.2018;300.64
19.01.2018;304.78
22.01.2018;299.65
23.01.2018;291.96
24.01.2018;282.09
25.01.2018;285.05
26.01.2018;286.63
29.01.2018;286.63
30.01.2018;285.84
31.01.2018;283.87
01.02.2018;277.16
02.02.2018;276.17
05.02.2018;275.59
06.02.2018;264.34
07.02.2018;264.93
08.02.2018;273.21
09.02.2018;267.5
12.02.2018;262.17
13.02.2018;263.35
14.02.2018;266.11
15.02.2018;264.34
16.02.2018;264.14
19.02.2018;263.75
20.02.2018;262.36
21.02.2018;258.23
22.02.2018;262.56
23.02.2018;272.03
26.02.2018;263.16
27.02.2018;258.42
28.02.2018;248.55
01.03.2018;242.05
02.03.2018;239.69
05.03.2018;241.66
06.03.2018;243.63
07.03.2018;245.99
08.03.2018;253.68
09.03.2018;254.87
12.03.2018;259.8
13.03.2018;254.67
14.03.2018;246.58
15.03.2018;252.5
16.03.2018;245.99
19.03.2018;238.7
20.03.2018;242.45
21.03.2018;243.63
22.03.2018;233.77
23.03.2018;227.05
26.03.2018;232.18
27.03.2018;243.23
28.03.2018;239.29
29.03.2018;230.01
03.04.2018;236.73
04.04.2018;240.67
05.04.2018;253.88
06.04.2018;258.23
09.04.2018;259.4
10.04.2018;257.43
11.04.2018;252.7
12.04.2018;258.42
13.04.2018;266.91
16.04.2018;268.28
17.04.2018;270.26
18.04.2018;269.07
19.04.2018;266.71
20.04.2018;263.75
23.04.2018;262.56
24.04.2018;261.38
25.04.2018;260.79
26.04.2018;252.31
27.04.2018;254.67
30.04.2018;255.46
02.05.2018;264.34
04.05.2018;255.07
07.05.2018;252.31
08.05.2018;252.11
09.05.2018;262.96
10.05.2018;268.08
11.05.2018;275.59
14.05.2018;275.19
15.05.2018;274.99
16.05.2018;274.4
17.05.2018;266.31
18.05.2018;262.36
21.05.2018;266.91
22.05.2018;267.1
23.05.2018;267.3
24.05.2018;273.02
25.05.2018;274.2
28.05.2018;271.84
29.05.2018;273.41
30.05.2018;269.07
01.06.2018;244.42
04.06.2018;240.27
05.06.2018;239.49
06.06.2018;244.42
07.06.2018;243.23
08.06.2018;241.66
11.06.2018;236.73
12.06.2018;235.14
13.06.2018;232.97
14.06.2018;237.11
15.06.2018;237.31
18.06.2018;230.81
19.06.2018;223.7
20.06.2018;224.89
21.06.2018;215.22
22.06.2018;222.32
25.06.2018;217
26.06.2018;215.02
27.06.2018;213.84
28.06.2018;211.67
29.06.2018;204.17
02.07.2018;201.21
03.07.2018;192.83
04.07.2018;199.24
05.07.2018;193.32
06.07.2018;194.01
09.07.2018;202.79
10.07.2018;202.4
11.07.2018;199.64
12.07.2018;202.6
13.07.2018;201.21
16.07.2018;200.03
17.07.2018;200.03
18.07.2018;193.32
19.07.2018;188.89
20.07.2018;199.24
23.07.2018;202.79
24.07.2018;211.08
25.07.2018;216.4
26.07.2018;219.96
27.07.2018;221.93
30.07.2018;223.9
31.07.2018;221.93
01.08.2018;212.65
02.08.2018;212.06
03.08.2018;212.06
06.08.2018;212.06
07.08.2018;214.43
08.08.2018;208.32
09.08.2018;212.06
10.08.2018;207.72
13.08.2018;206.15
14.08.2018;203.59
16.08.2018;203.39
17.08.2018;207.13
20.08.2018;205.75
21.08.2018;206.73
22.08.2018;214.43
23.08.2018;217.59
24.08.2018;221.73
27.08.2018;228.04
28.08.2018;228.83
29.08.2018;224.69
30.08.2018;222.32
31.08.2018;212.65
03.09.2018;214.04
04.09.2018;223.9
05.09.2018;221.93
06.09.2018;215.41
07.09.2018;209.89
10.09.2018;206.15
11.09.2018;201.21
12.09.2018;198.45
13.09.2018;199.24
14.09.2018;210.68
17.09.2018;214.83
18.09.2018;209.25
19.09.2018;216.82
20.09.2018;219.01
21.09.2018;223.79
24.09.2018;235.95
25.09.2018;224.59
26.09.2018;224.79
27.09.2018;222.2
28.09.2018;219.21
01.10.2018;220.01
02.10.2018;222.6
03.10.2018;222.2
04.10.2018;223.19
05.10.2018;229.17
08.10.2018;218.21
09.10.2018;220.4
10.10.2018;217.81
11.10.2018;210.24
12.10.2018;208.65
15.10.2018;207.65
16.10.2018;214.23
17.10.2018;213.23
18.10.2018;203.86
19.10.2018;203.67
22.10.2018;210.44
23.10.2018;203.27
24.10.2018;205.86
25.10.2018;197.29
26.10.2018;193.7
29.10.2018;169.39
30.10.2018;167.1
31.10.2018;166.4
02.11.2018;172.98
05.11.2018;178.85
06.11.2018;171.78
07.11.2018;180.75
08.11.2018;193
09.11.2018;188.32
13.11.2018;177.36
14.11.2018;181.84
15.11.2018;181.15
16.11.2018;180.15
19.11.2018;177.56
20.11.2018;173.47
21.11.2018;177.56
22.11.2018;184.34
23.11.2018;186.33
26.11.2018;193.3
27.11.2018;195.99
28.11.2018;201.27
29.11.2018;206.26
30.11.2018;209.44
03.12.2018;206.26
04.12.2018;203.86
05.12.2018;207.85
06.12.2018;202.47
07.12.2018;203.47
10.12.2018;195.3
11.12.2018;197.49
12.12.2018;202.87
13.12.2018;202.07
14.12.2018;197.89
17.12.2018;189.82
18.12.2018;201.07
19.12.2018;205.06
20.12.2018;198.38
21.12.2018;192.7
27.12.2018;189.42
28.12.2018;192.61
02.01.2019;195.3
03.01.2019;185.33
04.01.2019;181.84
07.01.2019;185.73
08.01.2019;184.83
09.01.2019;184.93
10.01.2019;185.33
11.01.2019;188.02
14.01.2019;185.43
15.01.2019;186.53
16.01.2019;185.33
17.01.2019;184.93
18.01.2019;185.23
21.01.2019;185.23
22.01.2019;185.33
23.01.2019;181.84
24.01.2019;181.74
25.01.2019;185.33
28.01.2019;185.33
29.01.2019;182.54
30.01.2019;174.87
31.01.2019;178.16
01.02.2019;178.16
04.02.2019;178.36
05.02.2019;179.35
06.02.2019;179.05
07.02.2019;179.35
08.02.2019;179.35
11.02.2019;176.36
12.02.2019;177.06
13.02.2019;175.87
14.02.2019;175.07
15.02.2019;172.88
18.02.2019;172.78
19.02.2019;173.18
20.02.2019;178.36
21.02.2019;182.34
22.02.2019;179.95
25.02.2019;184.93
26.02.2019;184.14
27.02.2019;180.35
28.02.2019;182.84
01.03.2019;185.33
04.03.2019;187.32
05.03.2019;187.22
06.03.2019;187.32
07.03.2019;189.91
08.03.2019;190.31
11.03.2019;191.81
12.03.2019;191.11
13.03.2019;191.61
14.03.2019;189.02
15.03.2019;202.47
18.03.2019;212.63
19.03.2019;213.23
20.03.2019;211.84
21.03.2019;212.23
22.03.2019;208.25
25.03.2019;209.25
26.03.2019;209.25
27.03.2019;210.24
28.03.2019;212.83
29.03.2019;214.43
01.04.2019;216.22
02.04.2019;247.11
03.04.2019;237.54
04.04.2019;228.97
05.04.2019;226.18
08.04.2019;233.36
09.04.2019;231.17
10.04.2019;234.55
11.04.2019;237.74
12.04.2019;234.55
15.04.2019;229.57
16.04.2019;226.18
17.04.2019;232.96
18.04.2019;232.16
23.04.2019;229.17
24.04.2019;222.2
25.04.2019;229.37
26.04.2019;230.17
29.04.2019;205.66
30.04.2019;206.65
02.05.2019;203.67
06.05.2019;193.3
07.05.2019;185.53
08.05.2019;189.32
09.05.2019;186.33
10.05.2019;186.83
13.05.2019;181.94
14.05.2019;178.16
15.05.2019;178.16
16.05.2019;164.81
17.05.2019;165.2
20.05.2019;159.13
21.05.2019;160.42
22.05.2019;165.2
23.05.2019;161.12
24.05.2019;158.73
27.05.2019;151.95
28.05.2019;147.57
29.05.2019;147.97
30.05.2019;157.13
31.05.2019;156.14
03.06.2019;153.35
04.06.2019;148.46
05.06.2019;153.25
06.06.2019;149.96
07.06.2019;151.95
10.06.2019;152.75
11.06.2019;150.56
12.06.2019;148.66
13.06.2019;153.45
14.06.2019;150.86
17.06.2019;151.35
18.06.2019;153.75
19.06.2019;158.43
21.06.2019;161.62
24.06.2019;163.91
25.06.2019;160.82
26.06.2019;167.6
27.06.2019;167.1
28.06.2019;167.99
01.07.2019;174.37
02.07.2019;165.8
03.07.2019;161.82
04.07.2019;165.1
05.07.2019;162.21
08.07.2019;154.44
09.07.2019;150.46
10.07.2019;153.15
11.07.2019;151.65
12.07.2019;152.95
15.07.2019;153.45
16.07.2019;153.35
17.07.2019;151.45
18.07.2019;150.66
19.07.2019;154.04
22.07.2019;155.14
23.07.2019;153.65
24.07.2019;156.44
25.07.2019;155.64
26.07.2019;154.44
29.07.2019;149.76
30.07.2019;146.87
31.07.2019;149.46
01.08.2019;144.28
02.08.2019;136.61
05.08.2019;130.23
06.08.2019;127.54
07.08.2019;131.53
08.08.2019;132.32
09.08.2019;130.53
12.08.2019;130.43
13.08.2019;135.51
14.08.2019;129.33
16.08.2019;124.15
19.08.2019;127.44
20.08.2019;132.52
21.08.2019;131.63
22.08.2019;130.23
23.08.2019;129.43
26.08.2019;127.54
27.08.2019;126.24
28.08.2019;122.76
29.08.2019;121.56
30.08.2019;122.86
02.09.2019;124.15
03.09.2019;126.05
04.09.2019;131.43
05.09.2019;132.02
06.09.2019;137.01
09.09.2019;143.48
10.09.2019;143.38
11.09.2019;143.48
12.09.2019;141.19
13.09.2019;138.6
16.09.2019;132.7
17.09.2019;131.4
18.09.2019;130.2
19.09.2019;127.5
20.09.2019;126.2
23.09.2019;123.2
24.09.2019;125.9
25.09.2019;130
26.09.2019;136.4
27.09.2019;139.1
30.09.2019;138.3
01.10.2019;132.5
02.10.2019;128.9
03.10.2019;126.3
04.10.2019;127.7
07.10.2019;127.2
08.10.2019;128
09.10.2019;126.6
10.10.2019;128
11.10.2019;128
14.10.2019;129.1
15.10.2019;128.3
16.10.2019;133
17.10.2019;132
18.10.2019;129
21.10.2019;125.2
22.10.2019;125.4
23.10.2019;125.5
24.10.2019;124.9
25.10.2019;124.8
28.10.2019;126.3
29.10.2019;128.6
30.10.2019;123
31.10.2019;111.6
04.11.2019;113.5
05.11.2019;112.2
06.11.2019;111.3
07.11.2019;112.3
08.11.2019;112
12.11.2019;112
13.11.2019;111.9
14.11.2019;114.5
15.11.2019;116.7
18.11.2019;116
19.11.2019;113
20.11.2019;113.5
21.11.2019;112.5
22.11.2019;112.8
25.11.2019;114.5
26.11.2019;110.6
27.11.2019;112.4
28.11.2019;112.2
29.11.2019;112.4
02.12.2019;106.7
03.12.2019;104.9
04.12.2019;108.1
05.12.2019;109.2
06.12.2019;112.9
09.12.2019;107.8
10.12.2019;108
11.12.2019;106
12.12.2019;109.3
13.12.2019;111.9
16.12.2019;111.5
17.12.2019;108.5
18.12.2019;106.4
19.12.2019;107.6
20.12.2019;106.6
23.12.2019;107.4
27.12.2019;109.2
30.12.2019;110
02.01.2020;115.9
03.01.2020;114
07.01.2020;113.4
08.01.2020;111.4
09.01.2020;101.3
10.01.2020;97.05
13.01.2020;96.45
14.01.2020;96.95
15.01.2020;98.05
16.01.2020;96.95
17.01.2020;96.95
20.01.2020;95.5
21.01.2020;95.7
22.01.2020;94.65
23.01.2020;91.75
24.01.2020;91.2
27.01.2020;87.5
28.01.2020;88
29.01.2020;89.1
30.01.2020;100
31.01.2020;96.95
03.02.2020;95.95
04.02.2020;99.05
05.02.2020;97.05
06.02.2020;96.75
07.02.2020;101.1
10.02.2020;104
11.02.2020;105.6
12.02.2020;103.1
13.02.2020;102.3
14.02.2020;99.7
17.02.2020;96.5
18.02.2020;96.65
19.02.2020;96
20.02.2020;94
21.02.2020;93.05
24.02.2020;88.25
25.02.2020;82.15
26.02.2020;83.55
27.02.2020;79
28.02.2020;71.95
02.03.2020;71.75
03.03.2020;78.2
04.03.2020;76.7
05.03.2020;74.4
06.03.2020;72.3
09.03.2020;64
10.03.2020;63
11.03.2020;54.05
12.03.2020;42.66
13.03.2020;37.98
16.03.2020;29
17.03.2020;26.6
18.03.2020;24.98
19.03.2020;29.6
20.03.2020;32.68
23.03.2020;29.7
24.03.2020;29.06
25.03.2020;28.6
26.03.2020;29.36
27.03.2020;29.8
30.03.2020;29.78
31.03.2020;29.98
01.04.2020;30.76
02.04.2020;29.13
03.04.2020;28.9
06.04.2020;33.19
07.04.2020;33.2
08.04.2020;33.28
09.04.2020;35.4
14.04.2020;47
15.04.2020;46.56
16.04.2020;43.85
17.04.2020;46.3
20.04.2020;46.23
21.04.2020;42.5
22.04.2020;44.29
23.04.2020;45.5
24.04.2020;43.8
27.04.2020;41.8
28.04.2020;38.7
29.04.2020;46.5
30.04.2020;51.82
04.05.2020;48.6
05.05.2020;46.85
06.05.2020;44.57
07.05.2020;43.7
08.05.2020;41.65
11.05.2020;40.66
12.05.2020;40.2
13.05.2020;43.42
14.05.2020;42
15.05.2020;43.5
18.05.2020;43.85
19.05.2020;43.8
20.05.2020;43.45
21.05.2020;44.18
22.05.2020;43.7
25.05.2020;44.35
26.05.2020;48.99
27.05.2020;48.59
28.05.2020;50.5
29.05.2020;48.41
01.06.2020;49.9
02.06.2020;56.4
03.06.2020;61.5
04.06.2020;70
05.06.2020;71.3
08.06.2020;69.5
09.06.2020;67.96
10.06.2020;66.44
12.06.2020;65.42
15.06.2020;60.7
16.06.2020;67.36
17.06.2020;64
18.06.2020;64.02
19.06.2020;65.56
22.06.2020;65
23.06.2020;66
24.06.2020;63.82
25.06.2020;63.46
26.06.2020;61
29.06.2020;60.62
30.06.2020;59.68
01.07.2020;59
02.07.2020;63.5
03.07.2020;63
06.07.2020;63.56
07.07.2020;61.5
08.07.2020;60.52
09.07.2020;61.2
10.07.2020;60.82
13.07.2020;61.88
14.07.2020;60.7
15.07.2020;61.3
16.07.2020;60.3
17.07.2020;63
20.07.2020;63.5
21.07.2020;64.58
22.07.2020;63.7
23.07.2020;62.64
24.07.2020;60.8
27.07.2020;60.38
28.07.2020;61.52
29.07.2020;61.88
30.07.2020;54.22
31.07.2020;55.46
03.08.2020;58.86
04.08.2020;56.52
05.08.2020;57.88
06.08.2020;56.4
07.08.2020;56
10.08.2020;57.48
11.08.2020;59.28
12.08.2020;60.4
13.08.2020;59.84
14.08.2020;59.24
17.08.2020;60.06
18.08.2020;59.08
19.08.2020;58.28
20.08.2020;58.04
21.08.2020;57.22
24.08.2020;57.8
25.08.2020;55.94
26.08.2020;56.04
27.08.2020;56.76
28.08.2020;56.84
31.08.2020;57.54
01.09.2020;55.08
02.09.2020;54.62
03.09.2020;55.08
04.09.2020;53.82
07.09.2020;54.84
08.09.2020;51.26
09.09.2020;52
10.09.2020;52.2
11.09.2020;52.82
14.09.2020;52.1
15.09.2020;52.36
16.09.2020;50.5
17.09.2020;49.75
18.09.2020;52
21.09.2020;49.42
22.09.2020;46.71
23.09.2020;47.25
24.09.2020;45.2
25.09.2020;44.04
28.09.2020;45.8
29.09.2020;46.3
30.09.2020;47.2
01.10.2020;55.34
02.10.2020;56.54
05.10.2020;55
06.10.2020;52.7
07.10.2020;50.8
08.10.2020;46.8
09.10.2020;45.7
12.10.2020;45.51
13.10.2020;47
14.10.2020;47.8
15.10.2020;44.51
16.10.2020;44.31
19.10.2020;42.31
20.10.2020;43.21
21.10.2020;42.15
22.10.2020;41.41
23.10.2020;40.61
26.10.2020;38.38
27.10.2020;39.51
28.10.2020;37.61
29.10.2020;37.56
30.10.2020;38.75
02.11.2020;38.8
03.11.2020;42.86
04.11.2020;41.78
05.11.2020;44.07
06.11.2020;45.4
09.11.2020;54.18
10.11.2020;53.5
12.11.2020;51.6
13.11.2020;52.3
16.11.2020;56.6
17.11.2020;54.36
18.11.2020;57.4
19.11.2020;57.4
20.11.2020;58.72
23.11.2020;59.4
24.11.2020;60.1
25.11.2020;62.7
26.11.2020;62.9
27.11.2020;62.7
30.11.2020;62.4
01.12.2020;62.6
02.12.2020;63.22
03.12.2020;65.52
04.12.2020;69.1
07.12.2020;71.38
08.12.2020;72.76
09.12.2020;78
10.12.2020;74.54
11.12.2020;72
14.12.2020;70.14
15.12.2020;71.86
16.12.2020;79
17.12.2020;79.4
18.12.2020;79.66
21.12.2020;75.42
22.12.2020;80
23.12.2020;78.02
28.12.2020;83.94
29.12.2020;86.8
30.12.2020;87.52
04.01.2021;85.08
05.01.2021;84
07.01.2021;87.48
08.01.2021;85.9
11.01.2021;87.3
12.01.2021;81.58
13.01.2021;77.2
14.01.2021;82.3
15.01.2021;80.84
18.01.2021;81.4
19.01.2021;80.22
20.01.2021;83.14
21.01.2021;82.9
22.01.2021;84.26
25.01.2021;81.5
26.01.2021;81.7
27.01.2021;79.98
28.01.2021;82.84
29.01.2021;82.7
01.02.2021;85.7
02.02.2021;86.56
03.02.2021;88.06
04.02.2021;90.94
05.02.2021;93.4
08.02.2021;98.86
09.02.2021;101.9
10.02.2021;101
11.02.2021;101.2
12.02.2021;98.5
15.02.2021;99.9
16.02.2021;104.95
17.02.2021;104.25
18.02.2021;101
19.02.2021;102.2
22.02.2021;97.04
23.02.2021;95.82
24.02.2021;97
25.02.2021;96.5
26.02.2021;95.08
01.03.2021;97.88
02.03.2021;96
03.03.2021;93.94
04.03.2021;94.98
05.03.2021;94.62
08.03.2021;97.86
09.03.2021;98.84
10.03.2021;97.52
11.03.2021;97.56
12.03.2021;95.3
15.03.2021;94.6
16.03.2021;95.3
17.03.2021;90.8
18.03.2021;92.9
19.03.2021;91
22.03.2021;92.76
23.03.2021;93.62
24.03.2021;89.28
25.03.2021;86
26.03.2021;93.44
29.03.2021;91.98
30.03.2021;92.86
31.03.2021;91.34
01.04.2021;95
06.04.2021;100.85
07.04.2021;99.3
08.04.2021;99.76
09.04.2021;101.95
12.04.2021;102.4
13.04.2021;102.45
14.04.2021;103.3
15.04.2021;102.8
16.04.2021;103
19.04.2021;103.15
20.04.2021;102.5
21.04.2021;98.8
22.04.2021;100
23.04.2021;98.94
26.04.2021;100.9
27.04.2021;100.05
28.04.2021;101.9
29.04.2021;102.7
30.04.2021;102.65
04.05.2021;101.35
05.05.2021;114.8
06.05.2021;111.8
07.05.2021;115
10.05.2021;123.85
11.05.2021;122.6
12.05.2021;120.95
13.05.2021;122.5
14.05.2021;124.05
17.05.2021;123.8
18.05.2021;121.2
19.05.2021;121.35
20.05.2021;120
21.05.2021;120.25
24.05.2021;118.75
25.05.2021;117.7
26.05.2021;117.85
27.05.2021;119.65
28.05.2021;120
31.05.2021;120.8
01.06.2021;118.8
02.06.2021;117.65
04.06.2021;116.55
07.06.2021;115.6
08.06.2021;118
09.06.2021;118.3
10.06.2021;114.85
11.06.2021;112.8
14.06.2021;113
15.06.2021;106.8
16.06.2021;110.2
17.06.2021;108.7
18.06.2021;113.05
21.06.2021;114.65
22.06.2021;113.5
23.06.2021;113.6
24.06.2021;116.2
25.06.2021;114.75
28.06.2021;113.7
29.06.2021;113.1
30.06.2021;112.35
01.07.2021;119
02.07.2021;119.2
05.07.2021;119
06.07.2021;116.6
07.07.2021;121.4
08.07.2021;118.05
09.07.2021;119.5
12.07.2021;120.8
13.07.2021;124.1
14.07.2021;128.6
15.07.2021;126.1
16.07.2021;125.65
19.07.2021;120.65
20.07.2021;120.55
21.07.2021;125.05
22.07.2021;125.6
23.07.2021;124.9
26.07.2021;125.1
27.07.2021;122.2
28.07.2021;123
29.07.2021;122.45
30.07.2021;121.55
02.08.2021;123.55
03.08.2021;119.65
04.08.2021;122.35
05.08.2021;124.9
06.08.2021;124.6
09.08.2021;124
10.08.2021;125.15
11.08.2021;122.45
12.08.2021;123.7
13.08.2021;124
16.08.2021;121.9
17.08.2021;118.6
18.08.2021;118.25
19.08.2021;116.35
20.08.2021;114.65
23.08.2021;118.8
24.08.2021;116.1
25.08.2021;123
26.08.2021;122.6
27.08.2021;121.5
30.08.2021;122.95
31.08.2021;122.45
01.09.2021;120
02.09.2021;124
03.09.2021;120.2
06.09.2021;120
07.09.2021;119.3
08.09.2021;116.55
09.09.2021;115.5
10.09.2021;119
13.09.2021;118.6
14.09.2021;119
15.09.2021;119.8
16.09.2021;119.55
17.09.2021;119.3
20.09.2021;115.2
21.09.2021;116.95
22.09.2021;117.5
23.09.2021;121.15
24.09.2021;122.25
27.09.2021;117.9
28.09.2021;118
29.09.2021;119
30.09.2021;120.9
01.10.2021;122
04.10.2021;123.3
05.10.2021;124.5
06.10.2021;118
07.10.2021;118.6
08.10.2021;121.15
11.10.2021;120.5
12.10.2021;120.2
13.10.2021;120
14.10.2021;123.85
15.10.2021;123.65
18.10.2021;125.1
19.10.2021;126.4
20.10.2021;122.45
21.10.2021;123.45
22.10.2021;124.5
25.10.2021;123.45
26.10.2021;124.85
27.10.2021;121.45
28.10.2021;122.7
29.10.2021;120.5
02.11.2021;120.5
03.11.2021;119.15
04.11.2021;121.7
05.11.2021;122.55
08.11.2021;120.1
09.11.2021;121.45
10.11.2021;118.3
12.11.2021;118.4
15.11.2021;116.7
16.11.2021;116
17.11.2021;111.95
18.11.2021;111.4
19.11.2021;105.2
22.11.2021;104.5
23.11.2021;101.5
24.11.2021;105
25.11.2021;106.05
26.11.2021;98.02
29.11.2021;98.7
30.11.2021;102.65
01.12.2021;103.7
02.12.2021;106.9
03.12.2021;105
06.12.2021;103.4
07.12.2021;104.5
08.12.2021;104.15
09.12.2021;104.3
10.12.2021;104.1
13.12.2021;102.5
14.12.2021;103.5
15.12.2021;101.55
16.12.2021;103.5
17.12.2021;101.2
20.12.2021;99.32
21.12.2021;101
22.12.2021;101.75
23.12.2021;103.4
27.12.2021;102.5
28.12.2021;105.25
29.12.2021;105
30.12.2021;105.5
03.01.2022;104.9
04.01.2022;103
05.01.2022;101.65
07.01.2022;101.5
10.01.2022;99.9
11.01.2022;99.88
12.01.2022;101.75
13.01.2022;101.6
14.01.2022;101.05
17.01.2022;99.9
18.01.2022;98.98
19.01.2022;92.78
20.01.2022;84.88
21.01.2022;81.1
24.01.2022;74.68
25.01.2022;78.48
26.01.2022;78.9
27.01.2022;78
28.01.2022;76.34
31.01.2022;76.8
01.02.2022;76
02.02.2022;73.7
03.02.2022;68
04.02.2022;65.44
07.02.2022;61.4
08.02.2022;62.34
09.02.2022;65.26
10.02.2022;63.86
11.02.2022;61.6
14.02.2022;58.5
15.02.2022;61.82
16.02.2022;60.9
17.02.2022;58.84
18.02.2022;59.06
21.02.2022;56
22.02.2022;57.1
23.02.2022;54.38
24.02.2022;45.71
25.02.2022;52.52
28.02.2022;53.6
01.03.2022;55.84
02.03.2022;54.06
03.03.2022;52.7
04.03.2022;51.3
07.03.2022;50.9
08.03.2022;50.22
09.03.2022;54.4
10.03.2022;56.32
11.03.2022;62.9
14.03.2022;59.36
15.03.2022;57.5
16.03.2022;56
17.03.2022;60.66
18.03.2022;58.7
21.03.2022;59.74
22.03.2022;59.78
23.03.2022;61
24.03.2022;60.7
25.03.2022;59.66
28.03.2022;61
29.03.2022;61.6
30.03.2022;61.6
31.03.2022;59.5
01.04.2022;59
04.04.2022;59.6
05.04.2022;58.04
06.04.2022;56.1
07.04.2022;53.96
08.04.2022;54
11.04.2022;54.34
12.04.2022;52.8
13.04.2022;51.38
14.04.2022;53.2
19.04.2022;52.56
20.04.2022;51.72
21.04.2022;55.08
22.04.2022;53.02
25.04.2022;52.6
26.04.2022;50.7
27.04.2022;50.6
28.04.2022;53.98
29.04.2022;52.26
02.05.2022;50.58
04.05.2022;51.54
05.05.2022;48.71
06.05.2022;46.31
09.05.2022;45.31
10.05.2022;43.62
11.05.2022;45
12.05.2022;43.01
13.05.2022;47.59
16.05.2022;46.24
17.05.2022;48.15
18.05.2022;47.68
19.05.2022;45.1
20.05.2022;45.61
23.05.2022;46.9
24.05.2022;45.68
25.05.2022;46.8
26.05.2022;47
27.05.2022;48.89
30.05.2022;51.6
31.05.2022;52.2
01.06.2022;52.6
02.06.2022;51.28
03.06.2022;50.74
